id,treatment,genotype,sex,sugar_water_ratio,immobile_min,speed_95th,distance_01,distance_02,distance_03,distance_04,distance_05,distance_06,distance_07,distance_08,distance_09,distance_10,inactivity_01,inactivity_02,inactivity_03,inactivity_04,inactivity_05,inactivity_06,inactivity_07,inactivity_08,inactivity_09,inactivity_10,thigmo_propdist,center_propdist,center_avedist,thigmo_proptime,center_proptime,center_avetime,kurva_index,t_session1,t_session2,t_session3,t_session4,t_session5,t_session6,t_session7,t_session8,t_session9,t_session10,t_session11,t_session12,grip_strength1,grip_strength2,grip_strength3,grip_strength4,Run_Average_Speed_(cm/s)_Mean,Run_Average_Speed_(cm/s)_SD,RF_Stand_(s)_Mean,RF_Stand_(s)_SD,RF_Swing_(s)_Mean,RF_Swing_(s)_SD,RF_SwingSpeed_(cm/s)_Mean,RF_SwingSpeed_(cm/s)_SD,RF_StrideLength_(cm)_Mean,RF_StrideLength_(cm)_SD,RH_Stand_(s)_Mean,RH_Stand_(s)_SD,RH_Swing_(s)_Mean,RH_Swing_(s)_SD,RH_SwingSpeed_(cm/s)_Mean,RH_SwingSpeed_(cm/s)_SD,RH_StrideLength_(cm)_Mean,RH_StrideLength_(cm)_SD,LF_Stand_(s)_Mean,LF_Stand_(s)_SD,LF_Swing_(s)_Mean,LF_Swing_(s)_SD,LF_SwingSpeed_(cm/s)_Mean,LF_SwingSpeed_(cm/s)_SD,LF_StrideLength_(cm)_Mean,LF_StrideLength_(cm)_SD,LH_Stand_(s)_Mean,LH_Stand_(s)_SD,LH_Swing_(s)_Mean,LH_Swing_(s)_SD,LH_SwingSpeed_(cm/s)_Mean,LH_SwingSpeed_(cm/s)_SD,LH_StrideLength_(cm)_Mean,LH_StrideLength_(cm)_SD,StepSequence_CA_(%),StepSequence_CB_(%),StepSequence_AA_(%),StepSequence_AB_(%),StepSequence_RA_(%),StepSequence_RB_(%),StepSequence_RegularityIndex_(%),BOS_FrontPaws_Mean_(cm),BOS_HindPaws_Mean_(cm),OtherStatistics_Average_Speed_Mean,OtherStatistics_Average_Speed_SD,PrintPositions_RightPaws_Mean_(cm),PrintPositions_LeftPaws_Mean_(cm),Support_Zero_(%),Support_Single_(%),Support_Diagonal_(%),Support_Girdle_(%),Support_Lateral_(%),Support_Three_(%),Support_Four_(%)
7,eda,wt,m,2.77027027,1.129666667,26.03218561,743.6886201,489.3542453,514.9937882,390.1633323,340.2847275,332.2611737,268.6481816,344.4306185,327.8723154,259.0300939,0.029313791,0.187333333,0.269333333,0.270666667,0.478666667,0.462666667,0.567333333,0.344666667,0.436666667,0.474807857,0.543225062,0.078963535,20.67890304,0.626069827,0.035321288,22.61845433,0.849650045,25,75,100,100,100,100,0,0,25,50,100,100,0.7,0.6,1.4,0.6,28.21309675,4.844768958,0.137540162,0.040598425,0.102766149,0.024767161,70.94533494,17.20979777,6.936272191,0.872386515,0.118616786,0.041146838,0.127482878,0.031219246,57.0901425,14.19402515,6.989315053,1.099714097,0.134649419,0.034317956,0.109412163,0.031703087,69.89740132,24.91460549,6.942511004,0.897685848,0.12179094,0.041391616,0.125730881,0.024181877,57.45592436,9.926068577,7.023554651,0.808863781,38.23529412,17.64705882,8.823529412,35.29411765,0,0,99.27007299,1.345203286,2.03263046,28.2507685,5.252714039,0.544117647,0.594444444,0,4.798962387,78.21011673,3.372243839,1.037613489,10.89494163,1.68612192
9,ctrl,wt,m,6.385057471,0.047,29.53974101,832.3431021,673.1420505,702.3995251,776.4912546,820.4299596,806.1138235,637.6177068,712.8230611,527.9286876,539.7494809,0.040720961,0.144288577,0.159973226,0.088176353,0.047491639,0.03626595,0.193052772,0.094666667,0.251333333,0.133953488,0.520728483,0.092553986,20.99079336,0.557236752,0.074079146,22.06256805,0.661529539,75,100,100,100,100,100,0,0,25,75,100,100,0.4,0.9,0.7,0.7,32.61595788,4.806357444,0.111812331,0.020270319,0.089460073,0.012358771,76.39247483,14.85711658,6.691586911,0.719469934,0.079532936,0.022358261,0.12496799,0.022970553,54.9351881,11.72581978,6.638279778,0.697694284,0.101848056,0.020266742,0.099440726,0.014434403,68.58566194,14.97207581,6.640517685,0.720294812,0.107620253,0.027692487,0.091578406,0.024127291,73.12526815,16.23077124,6.416585422,1.097964588,76.47058824,2.941176471,8.823529412,11.76470588,0,0,98.55072464,1.401601942,2.618592892,32.51394704,5.231448674,0.352777778,0.62972973,0,9.651898734,75.3164557,4.113924051,3.006329114,7.594936709,0.316455696
11,ctrl,wt,f,2.391148325,2.1785,25.95253574,512.3048324,474.3824629,443.0279109,574.3865246,472.7082902,439.9743977,335.9758224,486.0854807,620.1136204,369.6462079,0.165223185,0.287333333,0.312666667,0.206666667,0.217333333,0.342,0.387333333,0.269333333,0.203333333,0.274253731,0.647754199,0.050023994,22.07545575,0.791014156,0.021404637,24.72001337,0.85706511,25,25,50,75,75,75,25,0,25,0,25,25,0.6,0.6,0.7,0.6,28.22048474,8.310939316,0.131383725,0.044368696,0.106955841,0.029386623,64.41009633,19.11442226,6.428656529,0.802385407,0.108033744,0.038994062,0.134102555,0.037366074,51.31371564,14.77917985,6.425112299,0.726459156,0.127680875,0.036463786,0.107739005,0.041509425,66.90502812,21.95389654,6.460398634,0.895383897,0.098462515,0.033798516,0.138780667,0.048265514,50.11876223,12.98572442,6.427601327,0.922271461,30.55555556,19.44444444,8.333333333,41.66666667,0,0,99.31034483,1.331245461,2.014754513,28.43722571,8.501472577,0.723076923,0.669444444,0,13.53179973,73.34235453,3.247631935,2.165087957,6.765899865,0.947225981
12,eda,wt,f,3.903966597,2.1855,25.53841014,712.6023147,730.7728885,418.9548581,448.7148676,392.7380398,471.802024,329.4479326,291.1192751,399.4937196,385.3622334,0.069287142,0.048666667,0.325333333,0.326666667,0.394666667,0.228666667,0.538666667,0.461333333,0.324666667,0.180978763,0.541757822,0.064590888,21.27671127,0.676233429,0.03266366,24.07362478,0.847413735,75,100,100,100,100,100,0,25,0,0,50,100,0.5,0.9,0.5,0.5,21.82562236,9.007690542,0.167954341,0.047757606,0.145541146,0.035779418,48.08585595,19.70181266,6.413855448,1.136957921,0.113188449,0.034873873,0.207068874,0.049560925,33.34170671,13.83652861,6.328932119,1.090878275,0.182623432,0.056110041,0.137431322,0.028086783,49.47914188,17.14514258,6.435039896,1.172806862,0.146758733,0.049084389,0.172427332,0.035558681,38.39198086,10.62341961,6.365987309,1.214465021,33.33333333,11.11111111,11.11111111,44.44444444,0,0,99.31034483,1.24761386,2.182712855,21.57076582,8.81145191,0.764102564,0.4825,0.555041628,17.0212766,69.38020352,4.625346901,3.515263645,4.902867715,0
13,eda,sca,m,5.035161744,4.503333333,28.33472144,794.9555297,405.3614566,484.3709366,554.8020707,651.1502159,248.3566995,527.0336402,267.0589697,643.9599589,591.7616949,0.019986676,0.286,0.402666667,0.219333333,0.147333333,0.502,0.212,0.514,0.045333333,0.04745167,0.646362503,0.042464848,22.09047712,0.665804343,0.029545919,23.62327754,0.850103769,75,75,100,75,100,100,0,50,50,25,75,25,0.9,0.5,0.5,0.7,31.59714193,3.746812278,0.106366147,0.021277684,0.078807371,0.017238582,80.1271542,21.32356467,6.008419416,0.778226464,0.089581064,0.029766077,0.096977174,0.028681454,67.30325377,22.10947445,5.977788545,0.756853312,0.112081111,0.028595402,0.073000738,0.017530521,88.5129169,27.65023127,6.053952649,0.719703504,0.08802216,0.042154857,0.094539783,0.028966375,69.62735703,22.18486892,6.00735587,0.678763261,12,20,0,65,2.5,0,98.7654321,1.333471064,1.898836626,31.60383755,3.784552183,0.372093023,0.218604651,0,6.119402985,68.65671642,3.582089552,2.388059701,17.91044776,1.343283582
14,eda,wt,m,4.278084715,1.103833333,30.59595062,881.928896,818.7744326,871.0364694,640.6968582,505.8638233,668.2750439,619.4622661,624.9725162,502.4404533,339.1954237,0.031312458,0.065333333,0.068,0.138,0.274666667,0.124666667,0.082,0.044666667,0.254,0.234703196,0.689643913,0.055279376,22.57103522,0.817151441,0.029700942,25.01046227,0.843117834,50,0,0,25,50,25,0,25,0,25,25,50,0.9,1.4,1.3,0.9,22.19514091,8.718734075,0.179635117,0.08204062,0.113194807,0.031047458,57.38761715,21.88141928,5.951465815,1.223325537,0.163146364,0.099265069,0.133163636,0.0423038,50.35396192,19.24379401,6.023241327,1.116223008,0.184262423,0.100871893,0.119230036,0.044122506,57.94044454,23.1335723,6.09653795,0.944885306,0.145169457,0.055977672,0.151462908,0.051587094,43.98855723,16.25729597,5.984380273,1.261718357,12.82051282,20.51282051,10.25641026,56.41025641,0,0,98.73417722,1.482499783,2.276641052,22.27505571,8.705039894,0.419047619,0.451219512,0,1.923076923,71.92307692,2.884615385,0.480769231,17.5,5.288461538
15,ctrl,sca,f,3.469465649,2.476333333,26.89600947,758.822994,750.6168082,869.8471802,602.2737968,175.739837,352.8701993,294.7912377,209.038342,112.852003,187.7431962,0.033977348,0.02,0.042,0.178,0.716,0.444,0.576,0.522666667,0.776666667,0.644204852,0.730314075,0.050855659,22.81253551,0.759478996,0.031232951,23.73799009,0.860140479,50,75,75,100,25,100,50,25,50,75,25,0,0.9,0.9,0.9,0.5,14.67993215,4.910609485,0.231702383,0.22971889,0.109316544,0.051827886,48.28057618,23.87866391,4.57693408,1.548619612,0.162202936,0.17268253,0.15650752,0.069618677,32.63219462,18.23817842,4.409609781,2.118971578,0.244864423,0.23414357,0.089763474,0.028092515,56.02466874,25.01516527,4.560245087,1.238680695,0.193507553,0.213817345,0.129489549,0.051373774,33.2010704,13.0623202,4.146970961,1.64716359,17.39130435,6.52173913,4.347826087,67.39130435,2.173913043,2.173913043,84.79262673,1.351858826,1.440249865,14.64966368,5.027022109,1.796774194,1.636666667,0.172910663,3.573487032,44.2074928,4.668587896,1.613832853,25.41786744,20.34582133
16,ctrl,wt,f,3.318910256,1.781,30.88524162,1138.8316,976.5200516,925.6809374,884.7289313,728.8164028,936.0754267,738.6245732,595.2745555,864.8262994,593.7928711,0.00799467,0.061456246,0.127175368,0.066666667,0.220666667,0.096,0.169333333,0.239812959,0.136940548,0.269438029,0.826374934,0.028346636,25.38214678,0.856613436,0.01489118,26.42083993,0.518056534,75,75,75,100,100,100,0,0,0,0,100,100,1,1,0.8,0.9,25.82752134,11.16541512,0.13692884,0.044408617,0.139805138,0.037217981,50.06152894,21.46010338,6.312070766,1.073332936,0.110828456,0.049336783,0.165118163,0.042600641,40.10391156,15.4565551,6.110106642,1.329012841,0.12737804,0.049291812,0.145074342,0.055942897,48.74022826,23.34987827,6.186810186,1.500869354,0.099186346,0.030182786,0.181020257,0.06311542,40.46967206,18.67858325,6.310911804,1.170631699,45.94594595,27.02702703,24.32432432,2.702702703,0,0,96.73202614,1.338616498,2.268924742,26.01756499,11.30959567,1.019512195,1.020512821,1.677148847,27.77777778,60.7966457,1.467505241,7.1278826,1.153039832,0
18,ctrl,sca,m,2.975446429,3.804166667,22.1085856,196.1073653,41.67249886,112.214737,331.9229641,336.322609,207.5005235,200.5124758,262.4228538,165.7759748,236.2341999,0.614257162,0.998666667,0.867333333,0.605333333,0.417333333,0.682,0.6,0.546666667,0.748666667,0.542322097,0.626923781,0.044801196,22.2746075,0.710130324,0.01182319,25.17411023,0.794973356,25,50,50,50,50,100,25,25,50,25,25,25,1.5,1.3,0.8,0.7,22.72138343,4.929158338,0.159420537,0.058438817,0.114391846,0.048719602,60.87017651,20.52216384,6.198622925,0.931898011,0.123022297,0.047106249,0.142720661,0.049356843,46.68693,17.20543843,6.038841825,1.276479423,0.163687543,0.070716968,0.107764732,0.035611549,63.6410464,20.22073337,6.250368937,0.803384545,0.119912367,0.064613769,0.143845107,0.038320215,44.23589185,11.30667994,6.074955753,1.172273475,5.405405405,21.62162162,0,70.27027027,2.702702703,0,94.87179487,0.905190311,1.998488965,22.88072418,5.18214211,0.322727273,0.409756098,0,6.109324759,70.09646302,7.18113612,0.535905681,14.04072883,2.036441586
19,eda,sca,f,0.229249012,2.577166667,22.87504007,332.0399566,280.9165755,133.5890917,258.7119604,71.10498083,108.2928963,93.38333025,125.4049943,429.8332984,270.6289483,0.45502998,0.557333333,0.838,0.616,0.896,0.825333333,0.957333333,0.854666667,0.248,0.478425435,0.729714987,0.03952207,23.34340155,0.929935449,0.01035503,26.19970786,0.801680665,25,50,75,75,50,50,0,0,25,25,0,100,0.7,0.6,0.9,1.2,28.02798631,10.6565116,0.136437136,0.053369349,0.11480171,0.057408516,67.00002287,32.12261699,6.350578173,1.55840341,0.063620427,0.029255448,0.221268783,0.142105131,38.19886144,16.78791854,6.941706136,1.936562131,0.147806802,0.071537195,0.105117707,0.055020034,71.37211877,31.30192575,6.488655591,1.730674017,0.114267178,0.06232276,0.149102663,0.065872825,51.62057086,17.84927063,7.073793082,2.898860192,43.33333333,3.333333333,0,53.33333333,0,0,88.23529412,1.101834831,2.024521859,28.09017235,10.79704106,0.39375,0.118181818,0,26.65764547,54.8037889,9.066305819,1.623815968,7.848443843,0
20,ctrl,sca,f,1.508645533,4.013833333,23.54997826,711.4320596,232.8492828,326.1807417,130.0864407,362.5656503,305.1020097,208.0145173,180.0306896,297.5742575,56.61207217,0.018654231,0.526666667,0.448666667,0.854666667,0.46,0.544,0.676,0.667333333,0.522666667,0.938484621,0.814915535,0.03560279,23.66605691,0.883431873,0.011018543,25.41073331,0.838622226,25,50,50,50,75,75,50,50,100,25,25,0,0.6,0.4,0.7,0.5,18.98919023,7.215118072,0.191623935,0.106842832,0.114705652,0.052960618,54.42847375,23.2701933,5.438183668,1.497762655,0.160618439,0.149715606,0.149874394,0.055964603,40.65633519,14.49791809,5.453827069,1.452489163,0.186786019,0.140491519,0.119473614,0.046995781,50.83468624,20.77085005,5.492493143,1.621433648,0.112125746,0.107271275,0.206189122,0.167173638,34.09725046,16.59833105,5.62337631,1.823093113,22,25,0,52.5,0,0,94.11764706,1.123440546,1.843000826,19.2235976,6.696810365,0.537777778,0.986363636,0.708661417,16.14173228,49.76377953,5.984251969,2.992125984,18.18897638,6.220472441
21,eda,wt,f,1.532663317,0.985833333,23.96774523,432.6634696,397.579771,182.7298487,430.3649544,347.0986615,299.9039798,343.5195829,223.3044699,278.4886431,235.6579966,0.255163225,0.493333333,0.756666667,0.329333333,0.422666667,0.501333333,0.47,0.651333333,0.43,0.4853052,0.63851068,0.069659219,21.84352274,0.837545369,0.024264014,25.3943332,0.844082311,25,50,0,75,100,100,0,0,25,50,75,100,1.1,1.2,1.4,1.2,30.54400015,10.14189582,0.13200245,0.047242623,0.107893561,0.032069114,71.87646869,27.32172641,6.9609461,0.575105994,0.094996246,0.040209455,0.153510976,0.04905861,50.6343613,21.06599656,6.844608886,0.683335185,0.127749639,0.052703519,0.107449355,0.036914441,68.1857174,22.98811142,6.747511172,1.324976594,0.095782775,0.03754803,0.158173979,0.044528874,48.08121724,16.32140617,6.939763175,0.691992489,30.3030303,27.27272727,9.090909091,33.33333333,0,0,97.77777778,1.163494657,1.995401389,30.71051762,10.36165691,0.505555556,0.374285714,0.133511348,18.02403204,69.02536716,7.209612817,2.269692924,3.337783712,0
23,ctrl,wt,m,6.735891648,5.372833333,30.22751945,563.8256126,389.0631173,409.7864375,480.557981,466.09253,370.2576016,427.2642537,546.3255125,434.4224047,434.8112271,0.117255163,0.295333333,0.419333333,0.248666667,0.276,0.341333333,0.307333333,0.200666667,0.259333333,0.192541857,0.403832968,0.086101545,19.55527435,0.505751766,0.0559704,20.92183988,0.816547512,25,25,75,100,100,100,0,50,75,25,75,75,1,1.6,1.8,1.8,24.97710091,3.807809321,0.148515225,0.035529137,0.136819671,0.020136756,52.80563389,7.505113314,7.109064801,0.663494825,0.126955942,0.024492074,0.162059602,0.03678397,45.75502109,9.105582567,7.140187594,0.860804012,0.151599265,0.031407564,0.133312661,0.02148899,54.9475638,8.51864786,7.173330675,0.618891908,0.139635942,0.040768064,0.149930285,0.0244332,49.00479232,9.452870722,7.158555358,0.744832589,34.375,21.875,21.875,21.875,0,0,99.2248062,1.258096989,2.033438375,24.84432411,3.837507416,0.477777778,0.263636364,0,9.74025974,81.2987013,2.727272727,1.558441558,4.545454545,0.12987013
24,ctrl,wt,m,2.60371517,3.788333333,26.92359798,639.1563451,550.0605373,428.4629935,482.8922621,600.1330516,574.0195534,441.5112027,453.6813581,602.511416,493.0087411,0.090606262,0.118666667,0.328666667,0.335333333,0.137333333,0.176666667,0.405333333,0.309333333,0.198666667,0.172149962,0.631350575,0.072696678,21.75167411,0.757437071,0.05142011,23.71385625,0.687051633,75,50,75,100,100,100,0,0,0,0,100,75,1.2,1.6,1.5,1.7,42.56784621,9.27273231,0.095977785,0.022265741,0.096768977,0.014031718,89.28907423,18.09371881,8.424516855,0.854861309,0.082996751,0.02962248,0.117884709,0.017807068,73.47751962,15.65889543,8.429319639,0.851346552,0.095968305,0.021016374,0.098306513,0.016412229,89.54843941,23.60631806,8.45540063,0.846201124,0.082119898,0.024389036,0.120195903,0.021445183,72.77730687,16.94839751,8.432949756,0.896030276,39.28571429,32.14285714,14.28571429,14.28571429,0,0,97.39130435,1.293161351,2.045988766,42.6885241,8.417694997,0.286206897,0.218518519,0.867678959,16.9197397,77.22342733,1.735357918,2.819956616,0.433839479,0
25,eda,wt,m,4.11352657,1.694333333,31.62207838,655.4187889,555.1437596,566.7248585,756.141074,672.5340439,440.9760507,628.6619362,672.472121,576.0965458,294.9392329,0.16655563,0.168666667,0.156666667,0.088666667,0.196392786,0.49,0.258,0.150666667,0.223333333,0.496217852,0.773195923,0.023653155,23.83622057,0.891533858,0.010153991,25.88275355,0.783380255,25,100,50,25,25,75,25,50,100,100,100,100,1,1.2,1.4,1.7,22.43022296,2.036099767,0.139143595,0.017765739,0.132083125,0.016998542,48.42726298,6.819338174,6.305259714,0.587860004,0.108751816,0.029380146,0.165773391,0.021787037,38.54754197,4.958159089,6.306013262,0.581223288,0.147850278,0.027272685,0.120823251,0.016328677,53.7358775,8.824854746,6.376294752,0.539062122,0.113123338,0.025615869,0.15983925,0.020693261,40.0942815,5.504921619,6.332207467,0.67014205,51.35135135,2.702702703,18.91891892,27.02702703,0,0,98.01324503,1.181110656,2.33753642,22.73637442,2.024356791,0.58,0.628947368,0.107526882,18.17204301,70,3.655913978,3.655913978,4.408602151,0
26,eda,wt,m,2.895615866,3.903,28.36713119,751.3148201,607.1880182,612.3420215,604.7713916,563.8607421,391.8576091,388.3967909,497.0894275,590.9429578,410.6423637,0.01332445,0.141333333,0.152,0.135333333,0.118666667,0.322666667,0.336666667,0.204,0.194666667,0.195734958,0.628265699,0.066883832,21.91874174,0.770721206,0.030947255,24.513166,0.849919322,0,50,50,75,100,75,0,0,0,75,100,100,2.3,1.7,1.5,2,19.81006946,3.787310453,0.163142121,0.037207436,0.140402598,0.02203555,45.30198132,8.539692103,6.220484219,0.783835164,0.132637595,0.049825609,0.183102072,0.039850195,34.26946092,8.056732672,6.050792849,1.046704739,0.15050155,0.035006587,0.152026407,0.032139301,42.11322059,8.553647508,6.195006,0.851431619,0.122239688,0.060574193,0.192908045,0.022783116,32.45534663,5.285269351,6.187217437,0.841855844,5.555555556,58.33333333,19.44444444,16.66666667,0,0,96.6442953,1.244895451,2.264689863,19.6280971,3.683221651,0.6525,0.615384615,0.295566502,21.67487685,66.79802956,3.15270936,4.039408867,4.039408867,0
28,ctrl,sca,f,1.542883212,1.247833333,24.53193519,266.4540785,322.7692625,118.2473701,267.2504908,391.6084889,568.8343083,272.1712276,253.4705271,407.6727934,330.3916431,0.385076616,0.452,0.890666667,0.614,0.41,0.138666667,0.498666667,0.684,0.296,0.376811594,0.757401666,0.02826513,23.7848527,0.893466667,0.010466667,26.56087075,0.833188629,50,100,100,75,100,75,75,75,100,75,75,100,0.3,0.5,0.2,0.4,25.91529396,7.254255403,0.153090492,0.033506307,0.106404513,0.022021141,61.48661866,17.51096356,6.19778518,0.57557782,0.118825921,0.03351152,0.149611568,0.040347375,44.63846325,14.46373243,6.15216747,0.618935601,0.154013531,0.036998287,0.102480973,0.01875019,61.73120628,11.78995941,6.163835798,0.696833017,0.116264387,0.037843219,0.147569956,0.026577006,43.22996995,10.22127066,6.155746471,0.627030231,10.25641026,12.82051282,2.564102564,74.35897436,0,0,100,1.232345975,2.255126233,23.21895198,2.807329396,0.458536585,0.368292683,0,6.559139785,73.33333333,6.344086022,0.64516129,12.3655914,0.752688172
29,ctrl,wt,f,0.908866995,0.364166667,27.51515544,369.297578,323.9369035,387.4025006,507.336681,334.7163651,417.84322,583.3294203,361.9367717,552.2198504,435.0221235,0.355096602,0.496666667,0.484,0.182666667,0.471333333,0.403333333,0.222666667,0.478666667,0.168,0.224982747,0.676498471,0.041977999,22.49498092,0.851333333,0.014133333,24.92293622,0.841201718,75,75,0,25,75,50,75,25,50,100,100,75,0.5,0.8,0.7,0.7,23.03838651,10.74793718,0.166140858,0.048659975,0.147308828,0.034361777,46.82197097,18.99829335,6.344829355,1.136461616,0.108398416,0.046406994,0.211779451,0.062217652,33.65401692,15.2362649,6.291254031,1.171956889,0.170442788,0.045396878,0.145583586,0.033162999,46.61405413,18.31861966,6.27325962,1.117410316,0.138781573,0.051690806,0.177470092,0.03740534,37.82546479,13.53816761,6.280081964,1.090622471,16.21621622,24.32432432,24.32432432,35.13513514,0,0,98.66666667,1.132092328,2.283310647,23.00523191,10.73849921,1.173684211,1.018421053,0.645756458,19.92619926,65.95940959,2.675276753,4.151291513,6.642066421,0
30,eda,wt,f,0.596711042,2.302,32.63112898,861.2366286,749.5280402,804.0789742,687.7093362,511.3858268,531.0890296,484.9475322,364.8451743,448.3858131,447.5369958,0.029980013,0.056,0.113333333,0.184666667,0.237333333,0.198,0.332,0.435333333,0.366666667,0.287784679,0.704975385,0.047124551,22.9524027,0.829466667,0.0176,25.86032942,0.854150542,100,100,75,75,100,100,0,0,75,100,75,75,0.6,0.7,0.7,0.9,30.21687192,6.30108259,0.132335089,0.030724124,0.113902569,0.024083313,68.1284485,14.65893277,7.457130219,0.652964522,0.104171036,0.034560715,0.147094249,0.03446523,53.74007967,15.69540711,7.431161088,0.783810407,0.12949179,0.027927924,0.117612341,0.024008396,66.67848777,18.36332375,7.43359362,0.73491577,0.094500671,0.0230219,0.157514651,0.029518764,49.11235768,12.50229817,7.399858314,0.715126598,15.625,40.625,12.5,31.25,0,0,97.70992366,1.025655567,2.136924214,29.91787442,6.181412097,0.475757576,0.190909091,0.56980057,16.66666667,71.65242165,3.988603989,3.561253561,3.561253561,0
31,eda,sca,f,1.474770642,1.455333333,29.97705856,950.7916035,722.8609671,933.8994195,564.1848981,695.9571798,671.0303628,598.9669826,625.9155595,532.5219087,489.5168237,0.01065956,0.066,0.012,0.191333333,0.067333333,0.100666667,0.321333333,0.223333333,0.154666667,0.248447205,0.809149798,0.022056028,23.71269419,0.8746,0.011266667,25.47667253,0.876069565,50,100,100,50,0,25,50,25,25,0,0,0,0.4,0.5,0.6,0.4,23.42562155,5.056316974,0.154151323,0.028932509,0.110261478,0.027120916,61.0198961,18.44994064,6.280149629,0.550131778,0.077851247,0.023195298,0.191472549,0.04152509,34.23890634,7.913179024,6.26092316,0.598458823,0.155579297,0.036853539,0.105135193,0.019857288,62.27815212,15.18020762,6.278171475,0.554040344,0.119949692,0.038529225,0.154620637,0.02269657,41.52914253,8.63845758,6.257841676,0.644161852,13.51351351,2.702702703,0,83.78378378,0,0,99.32885906,1.038748833,2.292248381,23.37436329,5.23345207,0.454285714,0.394736842,1.369863014,18.86195996,62.06533193,10.74815595,0.210748156,6.743940991,0
32,eda,wt,f,0.679065744,0.867333333,29.26987302,727.5183526,535.0218829,590.104859,532.4167362,569.032001,623.3717909,626.7821251,649.0665985,222.8035832,239.2349956,0.065956029,0.142666667,0.112,0.183333333,0.131333333,0.061141304,0.117333333,0.086666667,0.616666667,0.64389234,0.542398272,0.067175621,21.08220369,0.723123123,0.041641642,23.75413454,0.845991049,25,75,100,75,100,100,0,0,25,75,100,100,2.3,0.9,1.4,0.9,52.91160449,8.070936469,0.079147584,0.019950943,0.09032495,0.038884454,126.6066854,89.34259083,9.333198801,1.843632446,0.065083822,0.032073589,0.109852326,0.046008464,102.5635628,82.96359148,9.250917573,1.655636418,0.073976057,0.015528166,0.090773869,0.035755123,107.8008327,22.97030155,9.202781507,1.529574443,0.054380427,0.02101744,0.122988498,0.078447987,82.55524073,11.70565974,9.581626957,3.625628975,22.72727273,45.45454545,13.63636364,13.63636364,0,4.545454545,95.65217391,1.03570564,1.943718228,53.44245092,7.715231383,-0.165217391,-0.05,5.586592179,34.3575419,52.51396648,4.189944134,3.072625698,0.279329609,0
33,eda,sca,f,1.579857579,4.487333333,27.97160604,669.3068757,614.6809004,693.7099133,510.9009594,77.1125549,430.7386833,230.8608995,196.6773884,307.5703373,433.7762599,0.052631579,0.150666667,0.058666667,0.21,0.938,0.31,0.598,0.658,0.448,0.219461698,0.820583814,0.032100091,23.90867126,0.838133333,0.036666667,25.2287585,0.848224604,0,25,0,25,75,75,25,50,50,25,0,50,0.9,1.5,1.5,0.7,28.75870983,7.61293308,0.11518833,0.038217661,0.077248369,0.026154089,87.50456896,37.44503484,5.942326268,1.517999566,0.086503738,0.070542436,0.106329029,0.036224932,56.14988136,21.18103017,5.494535262,1.67200598,0.122610825,0.04041973,0.0753186,0.021681568,83.65830936,31.43111002,5.884591508,1.537722564,0.113620296,0.071441298,0.097762849,0.029252927,65.74592486,23.14704094,5.991818177,1.345854526,16.12903226,6.451612903,0,77.41935484,0,0,94.65648855,1.296918768,1.984829426,29.65337879,7.360664138,0.548571429,0.135294118,0,3.47107438,64.95867769,5.950413223,1.818181818,20.33057851,3.47107438
36,eda,sca,m,2.433518006,4.221166667,22.40081313,689.1733218,360.3738956,233.9498606,315.2817019,338.7231461,220.5088239,372.3587367,42.7935999,152.1551661,277.057356,0,0.298666667,0.558666667,0.356666667,0.360666667,0.568666667,0.358666667,0.998,0.699333333,0.451345756,0.710074116,0.034143237,22.48543667,0.737733333,0.013066667,23.30224032,0.838979887,50,50,100,50,75,100,100,100,100,100,100,100,1.1,0.9,1,1,35.35505282,8.76589431,0.108972471,0.031262326,0.071143149,0.013931205,93.29453467,26.84862576,6.337689738,1.049519855,0.085113718,0.025125099,0.096113804,0.024229755,70.73441795,24.5434679,6.340990612,1.02827585,0.102320817,0.028975267,0.07464594,0.01688553,90.64070907,27.32685618,6.375098045,0.909157654,0.085358346,0.02838135,0.097764755,0.019041207,67.80609626,17.16261572,6.361972254,0.891571554,2.702702703,16.21621622,5.405405405,75.67567568,0,0,99.32885906,0.864428179,2.06091583,35.36845741,8.753025874,0.525,0.451219512,0,4.013377926,76.42140468,6.856187291,0.334448161,11.70568562,0.668896321
37,ctrl,sca,m,3.025,4.447166667,20.84177411,284.1932973,83.61775547,275.7492376,279.9241852,406.0487585,368.5672507,212.3550025,255.6552586,256.1266856,141.3563731,0.298467688,0.902,0.42,0.584,0.262,0.41,0.627333333,0.596,0.560666667,0.811594203,0.523939721,0.097365931,20.51673167,0.4626,0.071133333,21.42858707,0.816515847,0,50,75,100,75,100,0,0,0,0,0,0,1,2.2,0.9,1.3,16.48326726,4.801004115,0.208977585,0.162675724,0.11575136,0.044935224,51.6006349,20.39967592,5.450702594,1.799118826,0.180586959,0.160172593,0.174910441,0.080780346,40.29998373,23.35322434,5.652448339,1.646317525,0.221325841,0.12301079,0.107405422,0.033253308,55.76455215,27.27620421,5.499313433,1.77860848,0.209725125,0.161642799,0.136768529,0.0535866,42.14662635,16.1039448,5.389417777,1.861927527,45.45454545,0,0,54.54545455,0,0,94.96402878,1.179686475,2.183131626,16.88362011,4.573336524,1.308571429,1.697222222,0.08650519,5.968858131,55.19031142,4.152249135,1.038062284,20.15570934,13.4083045
38,ctrl,sca,m,1.495187166,4.6485,24.61790504,322.6073136,215.7137807,162.8989501,303.7593261,161.2880126,91.58724968,118.2985146,209.9244494,77.70088309,286.5320858,0.355096602,0.642666667,0.743333333,0.518,0.794,0.870666667,0.787333333,0.68,0.900666667,0.474120083,0.628528272,0.126889586,21.27479863,0.756866667,0.0804,23.41193011,0.79460048,50,0,25,25,50,75,25,50,75,50,25,75,0.6,0.8,0.9,1.2,34.74774526,7.712698546,0.122985377,0.039646053,0.090003558,0.036122544,93.60043821,32.25010153,7.425534453,0.588787599,0.103453171,0.036637809,0.118876011,0.040194133,69.37956073,21.05619954,7.482082312,0.719484127,0.132307387,0.056370005,0.084850202,0.022395701,93.61352034,25.44944206,7.415211221,0.555917036,0.095489439,0.03287449,0.129536892,0.039294052,63.14676247,17.73034868,7.556582242,0.591078141,22.58064516,3.225806452,0,74.19354839,0,0,98.41269841,1.070590208,2.02219221,34.87284292,7.898856987,0.16875,0.208571429,0,3.50877193,77.51196172,8.452950558,0.318979266,9.090909091,1.116427432
39,ctrl,sca,m,3.206636501,2.951666667,24.58395059,822.4500764,386.2354143,215.3996164,328.6608941,229.3437268,303.8287222,138.9838274,246.3936302,196.9921065,60.22248174,0.01598934,0.236,0.549333333,0.482,0.616666667,0.501333333,0.821333333,0.579333333,0.672,0.939268461,0.613080231,0.05014052,21.31003989,0.483333333,0.0186,20.96060766,0.837731946,50,75,75,100,100,100,0,0,0,0,25,25,0.8,0.8,1,0.8,38.9732353,10.46805276,0.10283536,0.047091274,0.084284493,0.029387882,91.04837029,29.6912976,6.901266603,0.760512529,0.077000382,0.042757475,0.110875863,0.048243635,71.89855267,26.17673032,6.876727136,0.979920113,0.096614645,0.040516362,0.092358772,0.036915333,83.83096402,29.59356059,6.822110381,0.624138982,0.06721957,0.028816692,0.126876404,0.059579022,66.89724403,30.58256722,6.982284711,0.947074255,6.060606061,30.3030303,0,60.60606061,0,3.03030303,92.95774648,1.321460402,2.228309045,38.61572432,10.26446597,0.056756757,0.048571429,0,19.82142857,65.53571429,5,3.392857143,6.25,0
40,eda,sca,m,2.1360799,3.5385,21.97736942,287.5858089,233.3208978,226.4231103,244.2753891,148.0855876,175.7352267,453.860505,85.73739957,61.85092234,296.3797556,0.494337109,0.582,0.644,0.624666667,0.796,0.711333333,0.150666667,0.875333333,0.984666667,0.42926156,0.84615511,0.043330009,23.82686784,0.9324,0.016733333,26.29979642,0.821117213,50,25,50,100,100,100,0,0,0,0,0,25,0.7,0.6,0.7,1,34.94125509,4.510749248,0.11658092,0.032076188,0.073161307,0.02336435,103.7218054,36.10426629,6.848398554,0.697648225,0.084949465,0.034602481,0.116492823,0.01818536,61.6716047,11.30742767,7.017716631,0.735186587,0.113831602,0.032765081,0.079513424,0.024610585,95.59296486,32.01399644,6.892283268,0.625540857,0.078751292,0.030726229,0.121837465,0.032620717,61.22593059,18.38968605,6.912832108,0.725475984,6.25,28.125,0,65.625,0,0,98.46153846,1.370885066,2.198065846,35.29076623,4.36129004,0.4125,0.3,0,9.473684211,70.70175439,8.947368421,1.929824561,8.771929825,0.175438596
41,ctrl,wt,m,2.696465696,0.371666667,27.39281137,575.4251339,404.1442393,581.2719685,507.3472642,721.1260381,463.0616858,447.5545311,534.4289245,477.762689,501.911259,0.063291139,0.282,0.222666667,0.264666667,0.052666667,0.308666667,0.356,0.068666667,0.147333333,0.205659075,0.74646431,0.036328266,23.12511364,0.832666667,0.0168,24.96994951,0.863239829,50,100,100,100,100,100,25,75,100,100,100,100,0.6,0.6,0.9,0.7,25.48118267,5.795800438,0.153015608,0.028757137,0.154669272,0.025645171,51.82226603,10.39690901,7.799631651,0.757470258,0.129426471,0.0311901,0.178874899,0.02471533,44.84835143,8.332221875,7.868389457,0.811115513,0.147913154,0.024841824,0.161032673,0.026901371,49.88604465,11.35706377,7.779967015,0.74369551,0.110061832,0.026346625,0.200596822,0.028426203,39.8659126,8.892753714,7.79256613,0.913718729,30,23.33333333,26.66666667,20,0,0,98.36065574,1.149417478,2.406089961,25.43217129,5.785879844,0.503448276,0.836666667,2.398989899,22.47474747,72.0959596,1.01010101,1.515151515,0.505050505,0
44,eda,sca,f,3.839222615,2.397166667,26.06885016,494.9787191,460.2106073,539.4209178,453.6815281,481.9250081,411.5364745,240.2449393,414.612766,389.9328073,350.3024005,0.261631827,0.379356568,0.298327759,0.316,0.392592593,0.469333333,0.686666667,0.474666667,0.408,0.53125,0.714561657,0.038900274,23.04551534,0.750985501,0.030867909,23.49715663,0.573211517,0,0,25,0,50,75,25,50,0,25,50,75,0.5,0.4,0.6,0.5,25.48673684,3.924077672,0.144544536,0.038414608,0.124349045,0.020945923,56.96269111,12.2267284,6.863642611,0.659153533,0.095285186,0.034001158,0.17315765,0.024776001,40.53637039,6.71536689,6.888717439,0.650470779,0.145470718,0.036489844,0.116369803,0.022074052,61.26925709,13.02110041,6.87747032,0.662100571,0.093808127,0.028272158,0.173691235,0.025695723,40.59723907,7.515776338,6.884419084,0.69509783,39.39393939,9.090909091,18.18181818,33.33333333,0,0,98.50746269,1.086437908,2.338795518,25.39667819,3.839666714,0.548648649,0.284375,1.155327343,25.80231065,59.30680359,6.675224647,2.43902439,4.621309371,0
45,ctrl,wt,m,1.683557394,3.091833333,27.47887096,592.7179562,243.1602939,485.8334408,475.8563409,516.385748,308.3929305,585.4533366,611.4774083,466.3506307,495.0712662,0.139240506,0.524666667,0.326,0.332666667,0.151333333,0.446,0.094666667,0.075333333,0.171333333,0.210489993,0.700429067,0.058175575,22.45046816,0.801866667,0.036666667,24.41456433,0.834684023,50,100,100,100,75,75,0,50,25,75,100,75,0.6,0.5,1.1,1.4,31.82747365,18.8981512,0.157642114,0.064403853,0.109483708,0.032523452,71.29327485,40.12956772,6.649911148,1.290798452,0.119981138,0.05197572,0.150829904,0.045221167,50.72313268,26.65310134,6.594298561,1.256998293,0.146328907,0.056683485,0.122932697,0.036253483,63.82714791,38.05833863,6.608264075,1.424970574,0.119461177,0.044513542,0.152777893,0.044929535,51.14672257,26.8332724,6.728873717,1.342962309,2.857142857,22.85714286,0,74.28571429,0,0,99.29078014,1.312210992,2.267412015,31.70987498,18.57492794,0.494736842,0.602857143,0.115740741,7.407407407,77.43055556,5.324074074,1.273148148,8.217592593,0.231481481
46,eda,wt,m,3.574074074,2.829833333,28.04258098,625.5450444,594.5669045,566.8316666,619.1567996,632.9092556,614.2504572,367.4534827,510.6081097,421.2001024,501.3511981,0.038640906,0.162666667,0.200666667,0.107333333,0.134,0.079333333,0.394,0.132666667,0.332,0.174603175,0.628676236,0.053124514,22.08848898,0.777666667,0.0256,24.44290829,0.853676848,50,0,50,100,100,100,75,25,0,25,100,25,1.2,1.8,1.8,1.7,28.39144142,7.902230716,0.127770045,0.043161628,0.1132287,0.025160879,63.66486318,16.03738084,6.885647084,0.859817343,0.117505438,0.095694806,0.136537648,0.029024152,52.09687669,12.74026908,6.832369896,1.076181598,0.145891677,0.093209085,0.108982455,0.022629671,66.09286677,19.60245073,6.815899211,0.867361731,0.107257859,0.065726158,0.139564149,0.032265069,51.12850366,16.07614159,6.692848626,1.088811348,17.64705882,23.52941176,23.52941176,35.29411765,0,0,100,1.147648021,2.203302374,28.376464,7.577777737,0.565789474,0.491428571,0,14.87839771,69.24177396,5.293276109,4.005722461,6.43776824,0.143061516
47,ctrl,wt,m,0.985376828,0.115833333,26.24682907,709.2172177,567.1991687,551.3519547,729.0816309,453.5087726,522.0632547,493.236891,456.1942636,521.575906,587.8681964,0.024650233,0.129333333,0.225333333,0.09,0.312666667,0.246,0.292307692,0.394666667,0.285043595,0.149068323,0.625645731,0.047649931,21.9739538,0.649546425,0.02648079,23.09546632,0.688844925,50,75,25,75,50,100,0,25,0,0,0,50,1.3,1.2,0.9,1.1,27.94450403,12.15255123,0.139840271,0.036318309,0.138021053,0.030710633,55.05784062,23.45182963,6.994640461,1.271147325,0.124214224,0.043704745,0.154225818,0.03011445,47.87217707,17.53476564,6.966500401,1.300491203,0.146779163,0.038580875,0.130252848,0.028986858,59.66092708,28.53026543,7.04025352,1.194803555,0.130405205,0.03999403,0.146444323,0.029116883,51.65337554,22.83577718,7.000417887,1.259802575,17.64705882,26.47058824,44.11764706,11.76470588,0,0,100,1.330274271,2.164811871,27.9076135,12.11191187,0.92972973,0.685714286,0.346820809,13.75722543,75.14450867,1.965317919,3.23699422,4.624277457,0.924855491
50,ctrl,wt,f,2.915254237,3.166166667,27.60999763,284.7004222,49.31037885,245.8155151,156.9971174,175.4744706,224.0592354,297.4012621,375.7317584,248.9817777,438.2218955,0.395736176,0.961333333,0.654666667,0.738,0.679333333,0.672,0.547333333,0.439333333,0.639333333,0.250517598,0.724425638,0.048900046,23.24036444,0.857666667,0.016866667,26.15023391,0.805594892,50,50,75,100,75,100,0,0,0,0,0,0,1.7,1.5,1.1,1.1,22.14875257,1.390260717,0.173184501,0.027563902,0.148151446,0.017376406,49.99412957,5.792152499,7.326320485,0.484290589,0.125018282,0.020244466,0.19960325,0.017733713,36.77915488,3.869895939,7.291663195,0.517953928,0.182222648,0.02344087,0.144375746,0.016204332,51.51878796,5.61775532,7.366048952,0.532521374,0.118617825,0.019427247,0.208274534,0.026947911,35.67507675,4.68373168,7.330418345,0.550098267,37.5,6.25,0,56.25,0,0,100,0.88745915,2.349809642,21.94939245,1.570142456,0.377419355,0.468571429,0,18.30209482,71.99558986,7.276736494,0.551267916,1.874310915,0
52,ctrl,sca,f,2.735154394,2.501333333,24.18719884,334.9492775,197.8287218,326.6372602,396.250127,110.4016921,272.4738064,188.097177,233.0281204,276.0739447,285.5634525,0.275816123,0.576666667,0.419333333,0.415333333,0.906,0.478666667,0.675333333,0.619333333,0.498,0.405797101,0.646347343,0.090578412,21.86208771,0.688733333,0.1144,22.76144549,0.810688849,0,0,50,50,25,0,75,100,50,75,75,100,1.2,1.1,0.9,0.9,23.13753443,6.304417429,0.184287746,0.155573067,0.094381969,0.031358917,62.25657462,22.82322519,5.513903379,1.480937436,0.175893762,0.223933132,0.141907507,0.138801744,48.70124891,12.1064868,5.757808561,0.970350284,0.193225202,0.19215485,0.079073747,0.025519097,73.04732923,22.27679718,5.485650732,1.500562525,0.174078608,0.249374178,0.135770324,0.038433992,47.22692155,15.79607713,5.896119028,0.973466395,2.5,0,0,97.5,0,0,96.38554217,1.315441228,2.181666543,21.30778803,8.615012156,0.283333333,0.4375,0.180018002,3.330333033,53.19531953,4.770477048,1.530153015,25.02250225,11.97119712
53,eda,sca,m,1.704,1.554,26.10386617,207.05022,352.4797973,181.4888953,487.6964067,515.8790254,166.9013827,409.6530182,294.9318695,355.8223352,328.1162383,0.638241173,0.555333333,0.790666667,0.337333333,0.28,0.8,0.418,0.537333333,0.384666667,0.543133195,0.831183148,0.036412378,24.21695316,0.918733333,0.031666667,26.12706813,0.803273873,25,75,100,75,100,100,0,0,50,0,25,50,0.8,0.8,0.4,0.5,23.51580186,5.621550817,0.16817259,0.036754485,0.122725178,0.034428113,59.87403625,20.17412631,6.715441817,0.477346729,0.115186555,0.030017299,0.179095672,0.052084402,40.07719515,11.32668186,6.657978368,0.597026318,0.167603885,0.042925903,0.117674144,0.028969253,61.50673751,18.91151569,6.734717096,0.401916181,0.133464004,0.043282231,0.15728762,0.03305486,44.62765135,9.842716349,6.724679344,0.529904835,5.714285714,11.42857143,2.857142857,80,0,0,100,1.142934447,2.550906726,23.48744024,5.854584676,0.37027027,0.191428571,0,8.637873754,73.42192691,7.530454042,0.88593577,9.302325581,0.221483942
54,eda,wt,m,1.646383467,2.043333333,24.88885484,290.4435274,517.5101343,361.7781377,376.1961671,513.0817601,538.2983769,296.377896,339.6407084,492.6757754,365.9677567,0.295802798,0.086,0.317333333,0.456,0.162666667,0.160666667,0.463333333,0.432,0.165333333,0.280193237,0.621463675,0.096118862,21.21016423,0.7206,0.094666667,22.63054537,0.834886442,50,50,100,100,50,100,0,0,0,25,100,100,0.5,0.6,0.8,0.6,37.53011726,23.08170245,0.134040232,0.053668341,0.120202346,0.037266872,73.55586066,41.22898509,7.473364927,1.303866633,0.112489757,0.048120793,0.142553434,0.037733433,59.10173061,29.69655981,7.386247086,1.240276498,0.13359682,0.052496819,0.118180417,0.029777184,71.57570102,35.41655024,7.543478063,1.440302765,0.107861252,0.04208673,0.15175204,0.044553765,56.93038721,30.66170726,7.426583998,1.469231853,33.33333333,23.33333333,13.33333333,30,0,0,98.36065574,1.148434011,2.407415865,37.41809251,22.90346003,0.53125,0.642424242,0.536912752,15.97315436,72.88590604,3.758389262,2.684563758,3.89261745,0.268456376
65,ctrl,sca,f,1.476714649,5.633666667,20.2048683,231.3397201,158.5071791,365.377521,126.5764949,201.0459956,145.3364805,532.4649064,132.0263565,216.8007339,151.3151959,0.580279813,0.732666667,0.18,0.792666667,0.745333333,0.742,0.252666667,0.785333333,0.628,0.731538992,0.596966038,0.050189137,21.18279253,0.608333333,0.054533333,21.20409103,0.779750414,25,0,0,25,0,25,100,100,100,100,100,100,0.6,0.9,0.7,0.8,25.63813402,3.183829822,0.156622722,0.039344448,0.094226006,0.014771706,71.79459659,15.43764456,6.584309203,0.834496175,0.124020706,0.038262935,0.123270186,0.024570083,54.91555921,9.961531167,6.579443116,0.755560222,0.149176359,0.022550617,0.096865792,0.020397715,70.16494773,16.85258762,6.523731694,0.980259657,0.124582556,0.033578723,0.124179623,0.032802701,57.45357588,21.2328451,6.53054771,0.968184341,17.64705882,20.58823529,0,61.76470588,0,0,98.55072464,1.06287458,1.820239277,25.70783136,3.376499236,0.182051282,0.411764706,0.128700129,5.276705277,68.72586873,2.445302445,1.158301158,19.17631918,3.088803089
67,ctrl,sca,f,1.9375,3.986166667,22.36898347,605.7679292,642.5688921,444.2479879,357.0921367,352.8248559,594.1317707,265.2625164,265.1064511,494.997211,275.6182587,0.051299134,0.046,0.166,0.368666667,0.486666667,0.048,0.514666667,0.490666667,0.155333333,0.512767426,0.60144505,0.046699855,21.56075857,0.674066667,0.042333333,22.81985528,0.818979734,75,75,75,100,75,100,25,50,0,100,100,75,0.6,0.5,0.8,0.5,16.92654049,2.611462641,0.207967801,0.03812092,0.153934533,0.026958223,40.50710837,8.315043996,6.036907872,0.600970953,0.161570573,0.031947683,0.201185676,0.029983159,30.55594516,5.287909607,6.033661403,0.703165871,0.205212647,0.034621272,0.152073462,0.026631022,40.91113162,8.724050432,6.046618736,0.742585459,0.14485101,0.033256561,0.219592211,0.027913611,27.87633195,4.911959551,6.024206163,0.716178168,10.25641026,28.20512821,5.128205128,56.41025641,0,0,98.73417722,0.998600345,2.45289621,16.82800623,2.663229647,0.918604651,0.8725,0,9.355345912,73.58490566,6.525157233,1.729559748,8.56918239,0.235849057
68,eda,sca,f,0.437134503,3.510833333,21.53525008,194.3749956,521.8782,263.3174185,344.9356696,71.61461874,546.321247,381.6622182,121.8171095,45.1420285,375.9518988,0.672218521,0.056666667,0.487333333,0.425333333,0.911333333,0.110666667,0.467333333,0.802,0.959333333,0.240855763,0.666379617,0.070489984,22.09698706,0.5774,0.063333333,22.57257946,0.82378934,75,75,75,75,100,100,0,50,25,100,100,100,0.8,0.9,0.8,0.8,19.00115584,1.318654225,0.204256158,0.051979996,0.126381859,0.029435108,53.73495933,13.52014667,6.470556966,0.81792404,0.154446974,0.064209804,0.182437818,0.057692568,38.18456851,11.5124676,6.408240449,0.91618712,0.207942624,0.049511559,0.120831324,0.03581811,54.3282236,15.28062786,6.253622937,1.30322023,0.136801201,0.057187902,0.19006483,0.05144265,36.75101928,16.4158486,6.27412094,1.149859948,11.11111111,11.11111111,0,77.77777778,0,0,96.42857143,0.93739519,2.269617724,18.93218512,1.380982816,1.203448276,0.912903226,0.117233294,7.620164127,62.13364596,9.37866354,1.289566237,19.22626026,0.234466589
72,eda,sca,f,1.522309711,2.892,27.99917934,661.1459121,629.4677451,485.9808237,321.865649,398.1910394,347.2481142,686.5658816,475.9097224,340.9358334,372.5931728,0.061292472,0.159333333,0.298666667,0.435333333,0.319333333,0.514666667,0.119333333,0.251333333,0.397333333,0.385783299,0.717386407,0.043466783,22.8220483,0.824666667,0.022466667,24.77148876,0.857602359,25,50,50,0,25,25,50,100,100,50,75,100,0.5,1.4,0.7,0.8,26.94246336,7.757212322,0.15295456,0.088344394,0.088350416,0.02526813,76.94042951,24.96802997,6.346961504,1.238560155,0.111349654,0.077627,0.130184072,0.066403868,55.2783877,20.02798413,6.072978928,1.503292346,0.146472342,0.079878673,0.095923626,0.034368915,71.41204341,27.67988206,6.13574177,1.287195603,0.10300884,0.081614734,0.145815441,0.072426173,52.73982899,27.9208208,6.176245933,1.22018152,0,8.333333333,0,91.66666667,0,0,97.95918367,0.931618631,2.185441111,27.30661923,7.918446509,0.1975,0.097222222,0.13368984,9.090909091,61.76470588,14.17112299,1.871657754,12.70053476,0.267379679
74,eda,wt,m,0.310756972,0.579166667,27.8157369,826.8767561,738.7393178,712.2306492,879.6147903,977.2796959,697.9742336,588.1968065,648.0653597,744.284915,844.8741959,0.016085791,0.076196898,0.131381892,0.016700067,0.00669344,0.105898123,0.191432396,0.189061445,0.082772544,0.062981106,0.683503947,0.061008472,22.62693629,0.727053302,0.047804224,23.70109233,0.690046015,50,0,50,100,100,100,0,0,0,0,0,75,1,1.3,1,1.1,33.73410735,12.34147036,0.126231012,0.046704504,0.104640015,0.037050289,80.29983134,35.83997443,7.25090765,1.168202838,0.099676213,0.043844258,0.131537128,0.041993066,61.63824284,19.54852903,7.371563873,1.179901286,0.128525752,0.052151192,0.098460234,0.029608518,82.45946644,31.07157986,7.313124132,1.1355025,0.090683061,0.042757716,0.139133629,0.04409699,58.07613055,24.93954786,7.180287821,1.320279046,24,12,8,56,0,0,97.08737864,0.918863779,2.29169634,33.83346006,12.48668365,0.281481481,0.25,0.19379845,15.11627907,71.89922481,5.813953488,1.937984496,5.03875969,0
78,eda,sca,f,1.548795944,4.805333333,25.78506086,462.5267828,181.7908107,77.02756834,618.8294065,233.2201304,259.9674365,170.9747587,275.7541441,359.8050629,154.3405887,0.219187209,0.696,0.896666667,0.136666667,0.603333333,0.588,0.760666667,0.550666667,0.404666667,0.763285024,0.556702527,0.098076237,21.09135365,0.6914,0.0442,23.91096003,0.798975652,0,75,100,25,0,100,25,75,25,0,75,25,0.6,0.6,0.5,0.8,20.57875638,5.126148519,0.160596064,0.071511005,0.093609735,0.028842938,62.31418613,25.49985444,5.28968414,1.09174454,0.113242848,0.063625547,0.150642585,0.096768267,42.72905743,15.91861216,5.479935235,1.410578101,0.158005894,0.06047903,0.093907921,0.038948102,65.56107695,28.69819374,5.240548418,1.119051206,0.151806456,0.066201952,0.10574332,0.03777188,55.0100661,20.31280243,5.261532105,1.260686969,16.66666667,8.333333333,2.777777778,72.22222222,0,0,99.31034483,1.157429626,2.054945396,22.17800328,7.43549157,0.571052632,0.324324324,0,5.310734463,55.25423729,5.084745763,4.745762712,25.64971751,3.95480226
79,eda,wt,m,6.773333333,0.804666667,26.86018289,652.5278044,303.6057126,473.3868673,556.6249772,228.1728906,397.8879516,255.0536088,591.7127737,374.596735,303.109746,0.034643571,0.528666667,0.310666667,0.167333333,0.642,0.326,0.655333333,0.118,0.37,0.486542443,0.622322855,0.069220176,21.60175687,0.7696,0.036866667,23.96091561,0.83668602,75,0,75,100,75,75,25,50,50,25,50,25,0.9,0.9,1,0.9,29.1453722,10.46876564,0.177809782,0.075609435,0.116440841,0.041175246,70.22308077,29.19104084,7.137899785,0.841937332,0.142421601,0.053179202,0.1537697,0.066684737,56.89491891,28.20770399,7.103808091,1.114008091,0.164284102,0.066886807,0.134420193,0.055780391,64.85861437,34.8800923,7.086365895,0.837249348,0.114235036,0.058860499,0.185444001,0.05974284,43.86870348,19.67506978,7.118686382,0.921601665,3.125,37.5,3.125,56.25,0,0,98.46153846,0.990725179,2.148636852,27.05132407,11.88047528,0.655555556,0.751428571,0,8.943089431,70.26713124,7.433217189,2.555168409,10.56910569,0.232288037
80,ctrl,wt,m,3.092250923,3.773833333,30.51479339,947.6091531,912.7558805,950.9940238,1033.170028,960.610344,699.93307,828.9545532,833.5778639,736.3630851,508.6775376,0,0.007333333,0.018666667,0,0,0.177333333,0.023333333,0.036,0.015333333,0.253968254,0.646208466,0.054884421,21.81820533,0.7202,0.046133333,23.42026337,0.867456166,50,50,100,100,100,100,0,0,0,0,25,25,1,1.3,1.3,1,23.67534633,2.582956465,0.172078225,0.025790591,0.13460852,0.018557115,55.36475663,7.918552997,7.326794903,0.478523026,0.134469925,0.027882842,0.175829585,0.026050939,42.41406934,6.05435886,7.327153982,0.568952104,0.156494609,0.026996098,0.145705218,0.022437364,50.92449091,7.515011322,7.275301447,0.469507633,0.140152112,0.026316044,0.168534356,0.02667504,44.2947586,6.977890693,7.307536113,0.494947354,0,56.66666667,23.33333333,20,0,0,96.77419355,1.061220263,2.10069239,23.49040071,2.467555449,0.777142857,0.688235294,0,10.47729919,78.23050058,3.143189756,2.211874272,5.471478463,0.465657742
81,ctrl,wt,m,1.131687243,2.723166667,25.69860359,163.447854,66.31250716,581.6877224,398.2208901,520.177842,457.080653,383.0137087,288.5442018,363.5143134,265.1046241,0.605596269,0.971333333,0.120666667,0.397333333,0.189333333,0.379333333,0.455333333,0.580666667,0.334666667,0.512767426,0.640133997,0.078075086,21.49872941,0.641666667,0.089133333,21.45712043,0.819651611,25,25,25,25,100,100,50,75,75,100,50,100,1.5,1.2,1,0.9,26.58276289,11.86950275,0.198033159,0.067267128,0.136442698,0.041515961,57.69938083,28.19477795,6.834002341,0.966584895,0.113685188,0.032455387,0.219308248,0.092390199,41.58696206,27.49096955,6.846161019,1.075399224,0.186167838,0.073705731,0.133983122,0.04400813,58.48101924,26.0637527,6.852163211,1.00220187,0.147831659,0.060749606,0.176658019,0.054085422,41.43664299,17.14571479,6.577781316,1.30317517,36.36363636,6.060606061,15.15151515,42.42424242,0,0,94.96402878,1.29068395,2.490429006,24.54348275,13.18639509,1.234285714,1.271052632,0,15.43086172,62.1242485,6.312625251,2.705410822,13.22645291,0.200400802
82,eda,sca,m,2.838827839,3.171833333,22.36514958,299.7298601,173.491447,160.9639538,509.9079055,487.277501,184.7526133,135.6870228,191.2279986,232.3124438,423.1923095,0.361092605,0.756666667,0.764666667,0.226,0.288,0.721333333,0.761333333,0.604,0.508666667,0.197377502,0.612716288,0.04898167,22.06108603,0.522333333,0.053666667,21.85994045,0.822215323,50,75,0,25,25,0,75,75,75,50,0,0,0.7,0.9,1,0.8,37.08345536,6.26649801,0.108631503,0.035826141,0.082387158,0.01821339,92.14136719,25.7925128,7.198579712,1.167373515,0.091444566,0.044760708,0.107491237,0.016864062,69.73587168,14.0029889,7.319442455,0.994709369,0.107464106,0.033180673,0.08414031,0.021225886,92.24297723,26.63603095,7.289499967,1.173677686,0.091192155,0.036229571,0.102651292,0.039290638,83.66115941,50.33452627,7.109782781,1.271806479,18.75,21.875,3.125,56.25,0,0,99.2248062,1.190747426,2.00361163,36.89965839,6.101187279,0.185294118,0.06969697,0,7.599309154,75.12953368,4.835924007,1.554404145,10.3626943,0.518134715
84,ctrl,sca,f,7.801033592,2.542,25.49229403,496.7768814,251.8593913,205.2325438,329.3246855,503.740332,339.6318766,369.1994059,493.0083581,262.0504196,402.5092371,0.095936043,0.623333333,0.618,0.498,0.164,0.398,0.263333333,0.242,0.574666667,0.318150449,0.627911857,0.069592671,22.08417069,0.75,0.0518,24.38525856,0.836491258,50,100,75,75,100,100,25,25,75,75,75,100,0.6,0.7,1.2,0.8,18.07818547,2.589242914,0.206901442,0.058229897,0.145645999,0.033854785,46.86954318,15.74194065,6.451768726,1.304386578,0.159741114,0.060667392,0.195672011,0.044522482,34.50534003,11.43053096,6.426470367,1.446808591,0.182988114,0.044809655,0.165158156,0.058667642,43.96360276,18.81237531,6.49002782,1.122840265,0.176924482,0.067961987,0.179435973,0.042398674,37.24232609,9.297338124,6.420380189,1.333475227,17.14285714,22.85714286,17.14285714,42.85714286,0,0,98.5915493,1.191682697,2.506856909,18.22721336,2.805150751,0.791891892,0.684615385,0.171379606,8.654670094,71.89374464,4.198800343,1.970865467,11.99657241,1.113967438
85,eda,sca,f,2.294511379,1.322333333,27.42461297,821.3116717,832.6365544,637.6412537,611.1369286,439.1163104,579.4879468,99.42687029,608.7991008,400.1493635,343.8574871,0.01598934,0.035356905,0.175567423,0.088666667,0.367333333,0.238666667,0.920666667,0.09,0.440666667,0.563837129,0.673653928,0.089294002,22.0540194,0.755634085,0.044072543,23.96459903,0.681923152,50,75,75,100,100,100,0,25,50,0,25,0,0.9,0.8,0.7,0.8,15.84735097,3.530653702,0.230186545,0.155736455,0.142788018,0.119186408,51.00208586,22.15939939,5.756904252,1.057350217,0.202194693,0.157902189,0.18001727,0.149189832,40.2488869,18.1835688,5.69623706,1.290931464,0.216008951,0.148126333,0.137979091,0.094805773,46.14394887,24.20299839,5.509412495,2.005037621,0.209960663,0.189363918,0.190363621,0.084702317,34.637786,10.75602766,5.935919871,0.935851217,12.90322581,3.225806452,0,83.87096774,0,0,93.23308271,1.187594243,2.057335297,16.13471342,3.667944316,0.577142857,0.45,0,3.344768439,58.57632933,7.032590051,1.457975986,23.84219554,5.746140652
93,ctrl,sca,m,2.306278714,5.159833333,22.90527585,227.7533094,241.8358418,86.69896311,512.8087446,298.1508393,176.7703814,180.5848581,418.4078678,101.3998979,49.13009601,0.508327781,0.701333333,0.890666667,0.180666667,0.407333333,0.706666667,0.698,0.360666667,0.886666667,0.971704624,0.712606949,0.057106091,22.90148394,0.760333333,0.026333333,24.9623098,0.797585238,75,100,100,75,75,100,0,0,25,25,25,25,0.8,0.6,0.8,0.9,32.08383904,15.84914156,0.147619446,0.049030954,0.096328394,0.023005612,74.86771621,32.24176555,6.531233201,1.330441631,0.104341691,0.042484605,0.145498777,0.042787192,51.45804402,25.74621742,6.478372229,1.412735679,0.136710831,0.047588169,0.105005198,0.028201084,70.07449564,36.64466169,6.45943602,1.360512904,0.103727996,0.037300664,0.140495209,0.039467859,52.2203896,24.26799887,6.491973255,1.340272865,8.571428571,37.14285714,2.857142857,51.42857143,0,0,98.5915493,1.083785647,2.243289721,31.87852825,15.43425757,0.9,0.843589744,0.128040973,9.731113956,72.59923175,7.298335467,0.768245839,9.090909091,0.384122919
94,ctrl,wt,m,1.119277108,2.488333333,27.07364499,935.4868086,749.1885776,567.7127736,607.9895269,624.4778126,471.1370526,615.8693811,555.6210545,660.5958613,512.425999,0.007328448,0.033333333,0.286,0.109333333,0.103333333,0.324666667,0.128,0.153333333,0.068,0.17184265,0.733898932,0.051475444,22.80222062,0.832133333,0.036866667,24.99635847,0.860439981,25,75,100,100,100,50,0,0,0,75,100,75,1.1,1,1.5,1.1,23.28945463,1.61555204,0.157155427,0.023908104,0.123921138,0.017010711,54.3781208,8.05193304,6.633543201,0.613981747,0.124792097,0.020270377,0.158129255,0.01850207,42.47921113,6.615414936,6.624951442,0.681572774,0.154513398,0.018545276,0.12725956,0.017796812,53.38965062,8.805248392,6.66811256,0.60299316,0.137599597,0.021111354,0.145481328,0.016536601,46.09995751,5.70032101,6.646586616,0.649971142,27.77777778,13.88888889,0,58.33333333,0,0,98.63013699,1.13328911,2.240160665,23.2997236,1.547127207,0.728947368,0.763157895,0,4.635761589,82.45033113,3.752759382,0.662251656,8.278145695,0.220750552
98,eda,sca,f,4.249006623,0,23.5468571,320.6555763,414.6702489,487.5330308,320.8562794,436.8286027,481.0823076,514.5543084,439.5191994,635.6655137,511.9908487,0.489007328,0.476953908,0.321309285,0.55,0.388,0.355333333,0.190666667,0.382666667,0.245333333,0.30089717,0.681973495,0.090277069,22.02416211,0.723259536,0.065084022,23.46885892,0.577858507,50,75,0,75,0,50,100,100,100,50,50,100,0.5,0.9,0.9,0.4,19.4867167,5.366467671,0.190911015,0.042441472,0.134603695,0.024628128,48.19412244,13.2352799,6.219037056,0.940442148,0.109814007,0.019499935,0.222624805,0.049434584,30.14226673,10.43424559,6.242766256,0.904080806,0.180284544,0.044851694,0.147508883,0.030599428,44.5755967,13.45581833,6.225145872,0.841599981,0.108878068,0.034299523,0.237129484,0.093961471,29.47948606,8.478128534,6.449297617,1.056687171,7.142857143,21.42857143,3.571428571,67.85714286,0,0,97.39130435,1.090195392,2.793845933,19.66681871,5.936896035,1.137931034,1.26,0.221975583,26.19311876,59.15649279,9.988901221,1.553829079,2.885682575,0
99,eda,wt,f,2.092675635,0,24.56884566,783.9774569,521.3769265,629.0462695,532.7843363,584.3116894,585.0129761,632.2718725,786.7006091,684.0746368,500.5774653,0.045969354,0.050666667,0.060666667,0.16,0.194,0.146,0.22,0.106,0.20735786,0.216850829,0.512816217,0.096247676,20.38228138,0.573257753,0.058152718,21.83522327,0.708928946,100,25,50,50,100,100,0,0,25,50,100,75,1.3,0.8,1.1,1.5,20.80354555,4.673588745,0.144394947,0.03057414,0.149079407,0.025228046,42.82890619,10.14610786,6.174497898,0.878160939,0.124341093,0.057056163,0.179016968,0.023886064,34.41736846,6.417538541,6.077329368,0.949442668,0.169576037,0.036828129,0.12617079,0.020545324,50.41897,10.87254492,6.178533988,0.80012781,0.128248938,0.034826931,0.171189721,0.026162275,37.01877014,8.436624448,6.150324488,0.850299015,55.26315789,13.15789474,2.631578947,28.94736842,0,0,98.06451613,1.159922302,2.245548582,20.99686943,4.586736477,1.2,1.025,0.480769231,15.96153846,74.03846154,3.365384615,2.596153846,3.365384615,0.192307692
100,eda,sca,m,5.275534442,5.4075,24.38816949,540.6463967,223.3498336,313.3115867,313.0802983,212.6937204,419.8179667,245.68562,326.6356385,329.340566,237.2319873,0.245836109,0.747333333,0.63,0.485333333,0.676666667,0.342,0.644666667,0.358666667,0.439333333,0.630779848,0.765980157,0.018807121,23.73349917,0.8178,0.0046,25.24332071,0.723330669,50,75,75,75,50,100,75,25,50,75,75,75,0.6,0.6,0.8,0.9,24.41235984,6.657455575,0.152017717,0.041635478,0.111706479,0.033520283,61.98649884,21.84753263,6.328051218,0.842876782,0.131074818,0.049449633,0.14210477,0.06219427,51.03979974,20.94453631,6.161987827,1.186677243,0.15335866,0.059499621,0.111037187,0.026833075,60.49616469,16.13025817,6.362173894,0.857650238,0.106800088,0.043198001,0.156434982,0.055008441,43.06642404,14.84977952,6.122105392,1.1549011,15.78947368,47.36842105,10.52631579,26.31578947,0,0,96.81528662,1.10692842,2.305512127,24.45256427,6.96250006,0.64,0.8725,0,13.69426752,63.80042463,3.927813163,4.352441614,13.69426752,0.530785563
101,ctrl,sca,m,4.588594705,6.468166667,27.09838119,540.3085647,364.672332,340.9826297,676.934607,790.4729442,669.626532,710.6872764,567.7788524,543.0803513,343.4583435,0.146568954,0.488,0.563333333,0.106,0.067333333,0.127333333,0.106,0.195333333,0.220666667,0.467218772,0.792263548,0.030165126,23.72377498,0.881266667,0.014866667,25.61000857,0.769556937,25,25,100,50,25,25,50,100,100,50,50,100,0.7,0.6,0.6,0.7,18.36638517,1.513600684,0.187595843,0.028868443,0.139859529,0.020989198,45.16713774,5.66955641,6.218025462,0.466628462,0.136116593,0.026305767,0.200998723,0.026680803,30.99469481,4.309948809,6.148599343,0.637380202,0.186367376,0.025984786,0.140136906,0.024796738,45.33671983,7.196362619,6.197205229,0.543190704,0.132231321,0.023254476,0.200224198,0.028615549,31.06189062,4.876612092,6.113639648,0.591546537,15.78947368,13.15789474,5.263157895,65.78947368,0,0,100,1.131968474,2.474275004,18.17211908,1.520769412,1.0775,1.1025,0,14.81481481,70.19400353,7.142857143,0.881834215,6.9664903,0
102,ctrl,wt,m,6.058333333,1.930666667,31.54675997,560.9602532,265.8674483,428.1066781,511.4798229,524.5142994,639.4574835,584.8884699,475.4967957,724.8112871,355.1761836,0.144570286,0.688666667,0.463333333,0.189333333,0.294666667,0.146666667,0.235333333,0.260666667,0.094,0.603174603,0.655770545,0.05232189,22.48639023,0.784933333,0.031666667,24.6298377,0.692577649,75,100,100,100,100,100,0,0,0,0,0,50,0.5,0.5,0.7,0.5,24.53211285,8.867918981,0.159776727,0.026578684,0.118877995,0.017912691,51.69091853,9.012096762,6.025240779,0.768403771,0.11468451,0.026990652,0.169023311,0.024960731,36.33382451,5.871091154,6.036908571,0.780794238,0.151014585,0.02327575,0.12614388,0.019852724,49.02211886,7.379855354,6.077453722,0.718174345,0.124301196,0.029599554,0.15904637,0.021819412,38.62667388,4.969463774,6.081329802,0.733927948,7.692307692,41.02564103,10.25641026,41.02564103,0,0,98.73417722,1.284170466,2.180164275,21.18953528,2.668997234,1.337209302,1.280952381,0,12.90983607,72.74590164,4.918032787,2.151639344,6.967213115,0.307377049
103,ctrl,wt,m,3.886402754,0.1125,27.47805613,816.1465709,563.297531,608.1990521,581.9689946,321.6840253,454.3119562,562.7065886,474.3571669,382.6138288,579.8242198,0.016655563,0.091333333,0.072,0.083333333,0.298666667,0.342666667,0.093333333,0.258,0.261333333,0.144237405,0.681366568,0.054043302,22.13296816,0.786466667,0.023066667,24.2132665,0.836983837,100,25,100,25,75,75,0,0,50,75,75,100,0.8,0.8,1.2,0.9,17.44962985,1.952555192,0.199184715,0.026885754,0.143952141,0.026816421,43.96454304,7.365263365,6.168546151,0.596504982,0.158053864,0.027299582,0.188035771,0.025047795,33.17662979,5.276096625,6.144540563,0.674980738,0.203445619,0.022180259,0.140018394,0.019475921,45.01329551,6.496276792,6.195389228,0.464986141,0.139517957,0.025965496,0.204246164,0.024994385,30.20141924,3.482417054,6.112386965,0.56915277,18.91891892,10.81081081,0,70.27027027,0,0,98.66666667,1.305203127,2.539649516,17.48752675,1.847344413,1.09047619,1.9,0.164880462,8.90354493,72.95960429,7.749381698,1.319043693,8.491343776,0.412201154
104,ctrl,sca,m,5.771121352,1.810666667,28.62716371,700.5129732,311.8129218,270.8714945,326.1207043,324.8323781,470.6744205,526.9870679,403.7885904,358.9140253,381.2093001,0.056628914,0.544,0.588,0.514666667,0.456666667,0.352,0.266666667,0.501333333,0.244,0.365079365,0.773280794,0.021122464,23.97098262,0.841266667,0.0088,25.82069065,0.840391761,50,75,50,75,100,100,0,0,0,0,0,50,0.7,0.8,0.6,0.7,17.87094146,2.390417494,0.192892683,0.041399793,0.145261846,0.022345921,43.9768921,7.423706479,6.261041387,0.700830997,0.141404206,0.0351348,0.204770157,0.020367976,30.76362396,4.269116619,6.251338601,0.759592484,0.187457728,0.032651501,0.149721798,0.022942273,43.26037012,7.634630035,6.346448998,0.68639727,0.121911421,0.037435189,0.225798608,0.032051678,28.13617546,5.028619347,6.240836444,0.726822368,8.108108108,35.13513514,13.51351351,43.24324324,0,0,98.66666667,1.262475361,2.704951888,17.94495092,2.47977698,0.830952381,0.748648649,0.261096606,20.27850305,63.88163621,6.266318538,2.785030461,5.91818973,0.609225413
105,eda,wt,m,4.576449912,2.46,31.42221429,771.2208489,403.3255251,282.4933809,344.0626224,722.3026946,718.3317042,485.9644904,824.0933215,697.482334,434.5999514,0.01332445,0.344,0.642,0.639333333,0.107333333,0.132,0.345333333,0.059333333,0.103333333,0.29468599,0.660467251,0.050987416,22.16534567,0.742466667,0.025066667,24.2005326,0.815912212,75,100,75,100,100,100,25,50,100,100,75,100,0.8,0.7,0.7,0.8,26.54463952,1.867597187,0.136323586,0.015813081,0.127105348,0.010079891,57.05931218,4.180969837,7.226340623,0.468365329,0.098203351,0.024061965,0.168141501,0.013886453,42.93398526,4.181879981,7.181445608,0.540728743,0.138660619,0.011932577,0.123824717,0.011205711,58.85827337,6.641975975,7.229410923,0.454065742,0.113307396,0.016865904,0.152518042,0.018755754,48.07737895,6.995829222,7.223505219,0.582143027,63.63636364,9.090909091,12.12121212,15.15151515,0,0,97.77777778,1.17658406,2.53922515,26.29502208,1.822455973,0.622580645,0.671428571,0,18.37270341,73.22834646,2.887139108,3.674540682,1.837270341,0
106,ctrl,sca,f,5.596837945,1.889833333,23.33014915,523.6307555,440.3407896,314.7015075,572.2881521,639.2517637,278.6398241,476.5740971,86.2382334,73.24756383,441.3746351,0.138574284,0.252,0.374666667,0.162666667,0.05,0.553333333,0.293333333,0.976,0.916,0.28847481,0.758101614,0.018495531,24.02039542,0.888666667,0.006733333,26.57109704,0.84083941,50,75,50,75,75,100,0,0,0,0,0,0,0.6,0.5,0.4,0.6,23.06186204,10.8041959,0.217522304,0.057210406,0.151011605,0.034570621,49.23573995,23.18123175,6.731753641,0.926809366,0.134072357,0.046715958,0.233404294,0.053676687,31.16358496,14.14577527,6.606751171,0.912880583,0.209894121,0.052781782,0.15831345,0.036872071,47.07807147,21.12277244,6.764507922,0.909879202,0.13779185,0.037763267,0.233090262,0.049740258,31.54338967,14.59007325,6.680834646,0.965002927,8.823529412,5.882352941,0,85.29411765,0,0,99.27007299,1.080005234,2.475770899,21.13945176,11.62189791,0.725,0.731578947,0.168350168,17.17171717,66.83501684,9.090909091,0.336700337,6.397306397,0
107,eda,sca,f,1.141116751,2.248833333,24.34901423,328.5147435,273.4482375,218.3168214,405.4171435,210.8492855,447.3000099,228.0062263,262.2423809,224.8422283,169.3096674,0.443704197,0.555333333,0.636666667,0.427333333,0.602666667,0.293333333,0.603333333,0.584666667,0.793333333,0.873015873,0.832510574,0.022852289,24.91228483,0.885533333,0.010666667,26.92342706,0.702691831,25,50,75,75,75,50,0,0,0,25,0,0,0.5,1,0.6,0.7,33.53054774,9.203546465,0.124284879,0.032741573,0.092789687,0.030177616,78.81895423,35.77551268,6.487434625,1.032668142,0.082934031,0.030312673,0.138110088,0.041695371,50.41067973,15.99331874,6.450018436,0.999824729,0.123009577,0.040367006,0.091243149,0.022662453,74.47780531,22.99270622,6.434398366,1.184264483,0.098329562,0.035695747,0.113897499,0.044733888,61.62550968,21.712529,6.327099761,1.325874499,37.83783784,5.405405405,0,56.75675676,0,0,98.66666667,1.024159664,2.073543729,29.57126932,6.102664118,0.1125,0.345,0,10.41968162,69.89869754,7.525325615,3.039073806,8.972503618,0.1447178
109,eda,wt,f,2.802898551,2.64,23.18715099,528.144741,366.9076774,445.840868,341.1435423,366.3177817,336.3191436,396.8578914,426.1529507,402.7794481,319.8969712,0.055296469,0.412,0.122666667,0.260666667,0.324666667,0.375333333,0.262,0.304,0.26,0.46652864,0.634921522,0.046419202,21.79305644,0.752533333,0.0186,24.00336412,0.847467613,50,50,75,75,100,100,0,0,0,50,25,100,0.7,0.6,0.4,0.5,30.12607151,11.40876804,0.128055716,0.045108848,0.112288644,0.030648138,65.40999495,28.66669616,6.606924186,1.064778207,0.111047467,0.033597297,0.128332519,0.039076613,58.22151431,22.34998483,6.698843742,0.997499315,0.122406168,0.04292296,0.112821586,0.031862652,65.02138717,25.57063326,6.611018732,1.042557771,0.091932713,0.044498897,0.146403487,0.031093313,47.86079084,14.90203081,6.651386408,1.168719713,20,51.42857143,8.571428571,20,0,0,98.5915493,1.167363992,1.985518566,30.0475664,11.58914805,0.47027027,0.523529412,0.827586207,16.68965517,72.13793103,3.034482759,2.482758621,4,0.827586207
110,ctrl,sca,f,3.077844311,3.64,25.08112468,766.3731368,547.2252692,331.6461201,407.9520469,294.6077331,421.2432832,481.2042486,531.8138238,199.7465687,329.9277337,0.042638241,0.127333333,0.488,0.286666667,0.622666667,0.257333333,0.126666667,0.114,0.616,0.309868875,0.620052304,0.066647399,21.56697314,0.760333333,0.032933333,24.17571675,0.847297221,25,75,25,50,25,0,50,100,75,100,100,100,0.6,0.8,0.6,0.5,19.29066985,2.243071191,0.145427114,0.068055907,0.094655392,0.034137758,56.95776191,26.28616596,4.828301216,1.610891088,0.106886945,0.081720292,0.143622046,0.054201539,38.58801983,16.78377268,4.942588691,1.226945898,0.138452648,0.078905775,0.093701306,0.029195813,52.85953411,23.29458571,4.629843723,1.609973858,0.147921822,0.08467302,0.10979202,0.064710477,58.2924062,27.99075033,5.123345849,1.228163282,23.40425532,25.53191489,6.382978723,42.55319149,2.127659574,0,91.26213592,1.121823334,1.997294569,19.12028885,2.460854689,0.674509804,0.453191489,0,9.936189608,53.14494075,5.742935278,5.378304467,22.06016408,3.737465816
111,ctrl,wt,f,3.857418112,0.449,23.63725758,593.4596094,414.5407253,493.4762107,498.3872568,425.2327878,446.2052963,331.8242682,446.139964,425.4651809,336.8859446,0.023984011,0.305333333,0.152,0.201333333,0.239333333,0.21,0.384,0.162666667,0.156666667,0.363008972,0.659181902,0.036425053,22.3987116,0.751533333,0.0208,24.18792747,0.84106507,25,0,50,75,75,50,25,25,0,25,75,75,1,0.7,0.5,0.7,31.11593168,12.62936617,0.128918275,0.04668954,0.115770798,0.04144299,69.31929614,31.32341725,6.93061736,1.261415723,0.105852249,0.052952696,0.153911545,0.04146307,49.11704386,20.962865,6.82635326,1.322119893,0.130998572,0.046483987,0.115102432,0.045553948,69.55587658,29.98560592,6.874120329,1.307936944,0.103676549,0.044457186,0.152088391,0.103992364,54.37529376,20.63396373,6.948826096,1.860591922,18.18181818,45.45454545,6.060606061,27.27272727,3.03030303,0,95.65217391,1.112692884,2.091167275,30.72681888,12.46940006,0.094285714,0.572972973,0.12987013,18.44155844,66.49350649,4.155844156,3.246753247,6.883116883,0.649350649
114,eda,wt,m,3.962138085,2.2365,25.83299217,575.7853394,519.0649918,613.8732997,597.8365866,673.5317911,538.5818663,475.2722321,376.2528374,344.6134291,462.8211335,0.081279147,0.054,0.062666667,0.123333333,0.052,0.098,0.170666667,0.244666667,0.392,0.280883368,0.61141046,0.062451559,21.44315541,0.725266667,0.0394,23.2896502,0.838053705,50,100,75,100,100,100,0,25,25,0,50,75,1,0.5,0.5,0.6,35.34753359,13.95806673,0.131718335,0.062356269,0.108783745,0.040622777,82.10211585,40.86168483,7.483551432,1.338128113,0.095819356,0.046917189,0.151009523,0.063160185,57.82741977,25.37955587,7.402768038,1.381010333,0.124590723,0.062352013,0.112771152,0.044812687,79.52134918,36.57043693,7.582726907,1.26147621,0.088406445,0.043050708,0.155006503,0.066162924,56.91721016,25.4229946,7.45208577,1.357371367,12.90322581,25.80645161,16.12903226,45.16129032,0,0,99.2,1.296051754,2.219554488,35.49667725,13.90535663,0.320588235,0.36,0.458015267,21.22137405,66.71755725,5.190839695,2.13740458,4.27480916,0
115,eda,sca,m,1.843225084,2.423166667,21.08241299,415.2469884,257.5856602,336.3439683,457.7243771,440.9598594,259.3981228,336.6979427,249.3137097,277.6896784,265.0319347,0.099933378,0.490666667,0.350666667,0.128,0.126,0.438,0.310666667,0.445333333,0.344666667,0.334023464,0.688085666,0.038624632,22.37202362,0.799333333,0.0174,23.46940358,0.830074712,50,75,100,100,75,100,0,0,25,0,0,0,1.1,0.6,0.8,0.8,26.60711347,10.09081964,0.146762322,0.103625454,0.092089621,0.026180145,72.45050099,38.56929017,6.054802171,1.88027037,0.135100069,0.091963449,0.112128619,0.034007548,56.2793442,20.89935592,6.167194682,1.929122953,0.147920344,0.090792331,0.092666064,0.02835849,72.09656717,30.04551225,6.147183896,1.648607176,0.098627839,0.093583821,0.143169918,0.042263244,46.30959326,22.76049763,6.024510228,1.828438645,9.677419355,38.70967742,0,51.61290323,0,0,96.875,1.156105119,2.15044117,26.49960691,9.68756921,0.215625,0.559375,0,8.177905308,61.54949785,6.743185079,2.582496413,12.76901004,8.177905308
119,eda,sca,m,3.737333333,1.3655,22.88390409,531.9705245,600.0262731,329.5883167,488.1530637,386.9046846,116.8391872,353.5807542,460.7424326,432.7772905,210.7388861,0.091938708,0.084666667,0.503333333,0.188666667,0.361333333,0.897333333,0.481333333,0.192666667,0.213333333,0.661145618,0.728906921,0.041532551,22.72372994,0.821533333,0.024466667,24.29528354,0.827495406,25,75,50,75,100,50,0,50,25,50,50,75,0.8,1,1,0.9,23.79135109,3.547760849,0.158028234,0.025572115,0.135341787,0.023378866,53.30089391,9.85089306,7.01099668,0.432793424,0.124496183,0.028572008,0.168931103,0.024189484,42.35023606,6.161671162,7.022306934,0.331983798,0.165966535,0.032425686,0.12795521,0.016740913,55.78545409,7.915812545,7.020155777,0.39073889,0.122053931,0.028990766,0.173601608,0.024758519,40.91383786,6.06582229,6.971144952,0.429540662,21.21212121,39.39393939,6.060606061,33.33333333,0,0,98.50746269,1.012709138,2.171625407,23.61508305,3.548385973,0.7,0.554285714,0,13.92857143,73.92857143,4.047619048,1.785714286,6.30952381,0
123,ctrl,sca,f,4.001477105,1.467666667,29.22917832,1056.393878,694.2456359,650.1569789,513.3238452,635.1790241,566.1058227,712.4809523,724.577494,685.5390682,713.1856465,0.004,0.118871726,0.172715054,0.265532544,0.278557114,0.221333333,0.123333333,0.102096011,0.128044537,0.054621849,0.725035277,0.048041447,23.20787643,0.808405856,0.027254942,24.68891096,0.677835336,75,75,75,100,100,100,0,0,0,0,0,0,1.3,0.7,0.8,1,28.70032609,11.517479,0.136625181,0.034608152,0.118005805,0.0218285,62.48879232,19.27205331,7.01609479,0.923246738,0.111745317,0.032771761,0.143493592,0.028677638,50.54180906,14.24035871,6.942809203,1.05479385,0.145118534,0.037391771,0.116252173,0.027884958,63.50361524,21.37266257,6.896236052,0.93797821,0.098593451,0.030840669,0.164385603,0.030345068,44.20003295,13.68637111,6.920765252,0.958210362,8.823529412,29.41176471,8.823529412,52.94117647,0,0,97.84172662,0.906097624,1.97343082,28.45170706,10.70224822,0.408823529,0.529411765,0.654450262,13.87434555,75,4.581151832,1.308900524,4.581151832,0
124,eda,wt,f,5.460587326,0.964333333,30.00268942,1106.694527,877.3755806,1023.292012,857.3765314,704.1256232,652.9193804,897.902768,752.0614576,735.2067609,612.8288968,0,0.006666667,0.026,0.072666667,0.094,0.122,0.04,0.102,0.109333333,0.052449965,0.553480289,0.071692852,20.4901722,0.692333333,0.039533333,22.7381171,0.865952844,75,50,75,75,75,50,75,50,100,100,100,100,1.1,1,1.1,1.2,26.32524363,3.181431617,0.147402947,0.018443887,0.135786875,0.019261031,56.99498272,8.49362603,7.597028349,0.418907828,0.114106022,0.020770592,0.17263743,0.02278336,44.55866885,6.048583109,7.575665951,0.502653072,0.136296279,0.022390499,0.14575067,0.017240974,52.68241712,6.885520967,7.576253778,0.415265855,0.114396405,0.017281843,0.172302848,0.016875815,44.35744576,5.375139592,7.564210827,0.420348527,26.66666667,33.33333333,33.33333333,6.666666667,0,0,97.56097561,1.050420168,2.086834734,26.12422982,2.999130425,0.314705882,0.387096774,0.388098318,20.31047865,74.90297542,2.069857697,1.423027167,0.905562743,0
132,ctrl,wt,f,2.9589169,1.034833333,29.703847,666.696176,375.7832787,395.9999213,367.9786929,207.5596227,543.3281758,470.8302034,168.7453407,485.2521274,421.7775978,0.175882745,0.538,0.408,0.333333333,0.706,0.248666667,0.207333333,0.718666667,0.157333333,0.452035887,0.649570788,0.054144236,22.2721673,0.717933333,0.024933333,24.15514926,0.824530795,50,75,75,100,75,100,0,0,50,25,75,75,0.6,0.5,0.7,0.8,23.5167486,6.908840752,0.146731976,0.049998973,0.126632789,0.045117137,53.06918303,22.13731306,5.949237035,1.377511689,0.103445334,0.043016964,0.171942272,0.070156346,40.5428138,17.92487916,5.934081817,1.370298786,0.153107081,0.056732519,0.119379117,0.03603978,56.03097057,21.650438,6.084001899,1.288414371,0.093174692,0.04119868,0.180743759,0.067163026,37.3884043,15.44537556,5.967940213,1.338856472,6.060606061,12.12121212,3.03030303,78.78787879,0,0,99.2481203,1.197173299,2.496616827,23.4500426,6.81427316,0.714578215,0.722128378,0.738916256,22.90640394,62.56157635,6.280788177,1.108374384,5.78817734,0.615763547
133,eda,wt,f,3.025096525,0.685,29.48605863,757.228864,765.3943625,634.0853414,478.9664045,588.4741224,648.8304005,366.7913903,554.0173565,529.3590358,588.7031266,0.045969354,0.051333333,0.107333333,0.214666667,0.152,0.100666667,0.458,0.181333333,0.179333333,0.184955141,0.686342666,0.05221845,22.62884249,0.805933333,0.031466667,25.06605163,0.843820846,25,50,75,100,100,100,0,50,25,100,100,100,0.7,0.7,0.9,1.2,21.9471058,9.614774905,0.182417414,0.045253259,0.130388411,0.030346174,51.92686447,18.01789311,6.315480344,0.884168054,0.155812476,0.044868171,0.160319358,0.028982441,41.31830769,12.7610631,6.320306159,0.791445244,0.178505746,0.044855806,0.135057532,0.02737323,50.97128125,21.08833375,6.372829569,0.71496736,0.123996506,0.031817576,0.189976269,0.039990195,35.92880937,12.5438319,6.38759151,0.801392556,3.225806452,12.90322581,0,83.87096774,0,0,100,1.140679695,2.255174802,21.8039972,9.519833306,0.730958231,1.097390494,0.118906064,6.658739596,76.93222354,7.015457788,0.713436385,7.847800238,0.713436385
134,ctrl,wt,f,3.283231084,0,32.13674496,733.0946588,434.5390162,569.3180274,342.6054607,584.0659054,486.3561098,503.6049418,622.0699556,546.8177114,349.9576643,0.120586276,0.342666667,0.181333333,0.514666667,0.16,0.186666667,0.228666667,0.132,0.193333333,0.544513458,0.692067727,0.043913262,22.85327679,0.8,0.0216,25.0856421,0.845703322,75,25,25,50,0,0,25,50,0,0,25,25,0.9,0.9,0.7,0.8,21.36515898,3.363920048,0.153986946,0.037792441,0.12980546,0.01949749,47.34805889,7.766744074,6.028322996,0.56822578,0.136645887,0.037556533,0.149774753,0.027459208,41.54939529,7.354297108,6.052695595,0.518519982,0.161059345,0.04153196,0.121023854,0.016933942,50.89751613,6.984744676,6.066254326,0.527276949,0.135342006,0.036638791,0.148480542,0.025546808,41.9899583,7.408887629,6.091863335,0.692156223,8.823529412,11.76470588,5.882352941,73.52941176,0,0,100,1.187166332,2.000174098,21.22654231,3.45231909,0.826709062,0.893822394,0,4.715840387,79.32285369,2.53929867,1.571946796,10.88270859,0.967351874
137,ctrl,sca,m,2.709125475,2.165166667,24.67700513,542.7240243,230.2311917,273.9633837,246.2434173,428.700336,443.4520084,542.1758597,382.5262538,115.622141,303.3636098,0.114152203,0.732666667,0.579333333,0.642666667,0.396666667,0.312,0.154,0.337333333,0.848666667,0.451345756,0.703282442,0.044884113,22.79569944,0.703293773,0.014601947,24.42063667,0.818363119,25,0,25,75,0,75,25,0,0,0,0,0,0.3,0.7,0.5,0.8,18.41675165,0.828933601,0.202159355,0.020898504,0.138538012,0.014184222,47.60272775,5.280016877,6.540318257,0.448713725,0.14758506,0.022645857,0.192462739,0.024737907,34.38452123,5.053651506,6.513147356,0.464693479,0.194173242,0.018832765,0.147005252,0.019778517,44.9649473,6.842693725,6.497745725,0.511091301,0.15385884,0.026214577,0.186473353,0.029387978,35.91928278,5.576652804,6.55137686,0.412133303,6.666666667,6.666666667,0,86.66666667,0,0,100,1.122373011,2.542074364,18.45850507,0.967130597,0.616298116,0.552464229,0,4.616998951,79.11857293,7.135362015,0.73452256,8.079748164,0.314795383
138,eda,sca,m,3.569190601,1.424833333,25.18706778,707.4508455,560.8534436,373.8546217,366.9802925,409.0111722,438.8938308,402.9282971,254.5328669,446.0907238,403.9539771,0,0.091333333,0.248,0.320666667,0.31,0.218,0.324666667,0.607333333,0.296,0.279503106,0.792127886,0.021104599,24.12430928,0.875866667,0.009933333,26.09023523,0.837948518,50,75,50,100,75,75,0,0,0,0,25,25,0.4,0.6,0.6,0.9,28.88074737,5.897699644,0.128440681,0.034861038,0.092965905,0.019855166,75.20540457,21.90454602,6.629119237,0.857199384,0.116456705,0.041699698,0.109351981,0.028321974,63.21265179,14.49899976,6.600173634,0.976660372,0.124957026,0.033377836,0.102488338,0.025503496,69.12825853,21.33101596,6.603829176,0.825099289,0.105594393,0.035467211,0.123809302,0.033533866,56.60594657,15.30432128,6.579744301,0.853912485,3.333333333,30,10,56.66666667,0,0,99.17355372,1.128560962,2.058295921,29.44408181,6.5727149,0.235462735,0.425675676,0.336134454,6.386554622,75.46218487,2.68907563,0.504201681,13.1092437,1.512605042
139,ctrl,sca,m,0.465217391,0.773166667,26.33221508,445.9918789,196.379718,270.3332356,249.6768311,231.9606775,411.1411076,152.7977162,393.7701815,503.4872159,280.5861903,0.315123251,0.7,0.547333333,0.649333333,0.623333333,0.363333333,0.804,0.450666667,0.214,0.518288475,0.709740959,0.058132857,22.23368447,0.769066667,0.038866667,23.34197314,0.812577015,25,100,75,50,75,50,25,25,50,100,0,25,0.5,0.6,0.6,0.5,37.01770797,3.935571524,0.097233945,0.016831115,0.081991936,0.014444989,88.28605919,19.418324,6.99094162,0.674592069,0.081604535,0.020384165,0.097577172,0.017178496,72.25792529,12.06357706,6.890100708,0.717712949,0.091319978,0.018310806,0.08717824,0.015324188,83.21592063,21.54015944,6.955967821,0.713224069,0.046237116,0.013608677,0.132863875,0.021260019,53.45299337,9.918306325,6.915468765,0.583688529,0,25,0,75,0,0,99.11504425,0.946724152,2.228819506,36.97618619,4.528708438,-0.301801802,0.103603604,0.735294118,25.49019608,66.42156863,3.431372549,1.960784314,1.960784314,0
141,ctrl,wt,f,1.577342048,0.962,32.51776633,705.6318302,520.4012965,567.7163511,727.9150931,692.8845685,431.2433004,611.1226436,604.9280882,576.5481811,502.5896916,0.061292472,0.308666667,0.195333333,0.120666667,0.18,0.360666667,0.155333333,0.165333333,0.183333333,0.200138026,0.591051523,0.056573334,21.64356,0.7416,0.022466667,24.28573096,0.852659164,50,50,100,100,100,100,0,0,0,25,0,0,0.7,1,1.4,1.1,27.35755024,7.806540417,0.137555646,0.040909269,0.120785253,0.03262402,61.58182173,21.05360745,6.797633756,0.603917603,0.118504949,0.040280313,0.142169365,0.041172847,52.28604166,17.97677639,6.773526991,0.595260307,0.148098807,0.048647632,0.110484912,0.026952926,66.40366298,20.39893074,6.84022848,0.662183609,0.111000308,0.04673964,0.145585344,0.031920153,49.25430865,13.41484489,6.811155278,0.839758172,31.03448276,10.34482759,17.24137931,41.37931034,0,0,100,1.180415475,2.207637112,27.37953313,7.962772359,0.45045045,0.527871622,0,9.077598829,75.25622255,2.928257687,3.806734993,7.174231332,1.756954612
144,eda,wt,f,2.804423749,0.203833333,25.92519419,608.702853,642.3638589,486.8289018,544.7434282,450.1094509,290.5799096,386.4898437,377.6495223,307.1277663,426.8270327,0.038640906,0.076,0.225333333,0.191333333,0.163333333,0.523333333,0.287333333,0.323333333,0.529333333,0.334023464,0.603166723,0.077642974,21.13977958,0.710933333,0.0478,23.24403621,0.84698558,50,25,50,100,100,100,0,0,0,50,100,75,0.9,1.1,1.2,0.9,31.88448551,5.408704014,0.118572745,0.029915152,0.109110602,0.017534498,68.00650182,12.98907449,7.24961342,0.752432308,0.106915391,0.025897589,0.12670047,0.026890303,58.42716823,11.98445006,7.157107351,0.773022998,0.120570685,0.024487053,0.104317172,0.022750592,73.2956976,17.34876015,7.296660474,0.602462458,0.104448853,0.028775037,0.130650537,0.027052158,57.92042478,13.71735266,7.24814717,0.600656712,48,8,4,40,0,0,99.00990099,1.575342466,2.602552586,31.73054977,5.420844463,-0.13996139,0.375116496,0.192307692,12.30769231,78.46153846,3.076923077,1.153846154,4.230769231,0.576923077
145,eda,sca,m,1.320396367,0.275166667,24.4708105,471.7914012,158.1307814,479.1484277,426.4194397,258.6637504,256.3322552,325.7729797,377.4915134,294.6663641,340.0052442,0.142571619,0.818666667,0.211333333,0.409333333,0.518666667,0.652666667,0.518666667,0.327333333,0.521333333,0.368530021,0.611968549,0.094660055,21.25284085,0.6896,0.0718,22.42520771,0.818288974,0,0,100,75,75,100,25,25,75,100,75,100,1,1.1,0.8,0.9,40.91235393,14.97320348,0.111973941,0.023570212,0.081713579,0.010922248,87.73073169,17.34472588,7.090209981,1.237105122,0.10640042,0.034296309,0.096155441,0.025070422,76.17282247,17.92363582,7.056299013,1.255165869,0.112053675,0.018283027,0.082592924,0.013034735,88.35660211,22.36434675,7.090906118,1.239307155,0.092993713,0.027305209,0.113179901,0.017607586,63.26700032,18.84788753,6.902484551,1.403899832,19.23076923,19.23076923,7.692307692,53.84615385,0,0,99.04761905,1.153304888,2.227933104,35.95046444,7.625697857,0.27027027,0.048928239,0,4.932735426,76.00896861,2.69058296,1.34529148,13.4529148,1.569506726
146,ctrl,sca,m,2.483827493,2.264333333,24.08802589,453.7699611,464.0348515,336.4375616,359.4575914,588.3694948,509.9890078,603.450003,276.3703346,259.6842564,400.6894326,0.070619587,0.074,0.468,0.37,0.159333333,0.208666667,0.157333333,0.524,0.558,0.360248447,0.65935557,0.049988505,22.04665511,0.800333333,0.034133333,24.40245458,0.853037211,25,50,25,0,0,0,100,100,75,100,100,100,1.5,1.1,1,1.1,26.77542013,6.57430438,0.133240543,0.029216169,0.090503102,0.024604172,75.49693865,22.77943057,6.354123667,0.592526195,0.114151583,0.037267581,0.115290738,0.032578546,59.70102343,18.50290822,6.359477697,0.69137739,0.133718646,0.036167543,0.09147038,0.017171066,71.96010869,18.30619711,6.309511256,0.620033564,0.126317121,0.045473432,0.10676596,0.026167793,62.34441374,17.43291061,6.267699958,0.660770191,22.58064516,9.677419355,3.225806452,64.51612903,0,0,98.41269841,1.24661434,2.167927574,27.0237676,6.002913902,0.023847377,0.194980695,0,2.050473186,74.13249211,2.050473186,1.104100946,18.76971609,1.892744479
148,eda,wt,f,2.088719899,3.190166667,27.89060213,913.025488,868.3665623,783.341619,632.6920451,676.6845441,277.0632525,436.5428993,549.5806197,496.0449804,431.089025,0.009327115,0.031333333,0.056,0.144,0.081289418,0.554666667,0.323333333,0.196,0.264666667,0.286404417,0.722371161,0.046878779,22.85438523,0.820812726,0.025598182,24.82174269,0.849565087,75,100,75,100,100,100,25,0,50,75,100,100,1.2,1,0.7,0.8,23.78570528,4.192918125,0.127602689,0.019763504,0.113633523,0.025274364,55.76089027,14.22448663,6.024375219,0.654362459,0.110218453,0.03226086,0.134594468,0.023422675,46.18092749,10.47794291,6.021062864,0.674478493,0.129604656,0.02411159,0.11266327,0.020801448,56.2281508,14.92622919,6.059960279,0.735973363,0.117216169,0.025876401,0.13022683,0.027134855,47.53563055,11.25631326,5.947101503,0.916207541,12.90322581,16.12903226,9.677419355,61.29032258,0,0,96.875,1.363502935,2.19109398,23.92365631,4.381324526,0.26003276,0.247043919,0,8.510638298,81.1550152,2.887537994,1.671732523,5.623100304,0.151975684
149,ctrl,wt,f,2.518867925,2.1815,34.47476892,766.9364476,692.1076554,790.4317885,952.7153017,817.6082602,877.5412283,856.6936813,569.5604703,576.4453527,665.5932357,0.101265823,0.162666667,0.170666667,0.032,0.053333333,0.049333333,0.054,0.234666667,0.124,0.218771567,0.663808949,0.051777373,22.10286797,0.795666667,0.0256,24.50786963,0.840161093,25,75,100,100,75,100,0,0,25,75,100,100,0.9,0.8,0.9,1,26.09075254,6.860985813,0.133446699,0.032504947,0.120106064,0.02323493,56.88975617,11.8831511,6.605955334,0.741470636,0.125963114,0.038803184,0.132300551,0.024691501,51.57774405,10.40389344,6.629081269,0.760944861,0.132627537,0.031578754,0.121781505,0.020707607,56.08245515,12.27576921,6.615267788,0.65849191,0.120015539,0.029430771,0.137601522,0.021005069,49.12272847,10.74416628,6.563343545,0.698492808,17.24137931,34.48275862,17.24137931,31.03448276,0,0,97.4789916,1.180770523,2.074391172,26.31961733,6.680391495,0.65990991,0.397215397,0.643086817,6.109324759,82.79742765,2.090032154,1.92926045,6.109324759,0.321543408
