id mito,id,sex,genotype,treatment,normalisation,region,Sample,M_plus_G,D,c,P,S,Fccp,Rot,Ama,As/Tm,Azd,C_iv,b,out,out_susp
EM1,1,f,wt,ctrl,mg,hippocampus,3.627232877,7.625424658,18.94641096,17.34147945,26.28591781,55.21068493,82.22410959,24.83873973,0,355.9900274,94.60109589,261.3889315,,,
EM2,1,f,wt,ctrl,mg,hippocampus,3.163616438,6.528986301,15.74383562,14.38679452,22.02471233,48.84542466,72.97923288,25.15336986,0,368.8523288,89.02624658,279.8260822,,,
EM49,51,f,wt,ctrl,mg,hippocampus,0.865960265,3.444556291,6.016264901,7.535205298,9.896529801,42.41928477,64.26490066,27.2394702,0,184.7544901,29.21117881,155.5433113,,,
EM50,51,f,wt,ctrl,mg,hippocampus,2.194225166,4.120794702,6.023682119,8.379549669,10.51835762,41.43189404,63.36180132,25.98807947,0,159.1106225,27.49298013,131.6176424,,,
EM77,61,f,wt,ctrl,mg,hippocampus,1.541209677,4.726693548,13.85483871,15.04048387,22.6558871,46.88387097,74.09943548,24.21266129,0,192.5693548,38.34677419,154.2225806,,,
EM78,61,f,wt,ctrl,mg,hippocampus,1.551209677,6.178064516,20.57129032,22.09274194,35.65725806,62.7483871,97.74314516,31.95620968,0,202.4167742,36.41862903,165.9981452,,,
EM125,83,f,wt,ctrl,mg,hippocampus,0.497592295,2.813804173,7.976051364,8.504012841,17.169374,55.3305939,79.71678973,31.47011236,0,162.2756982,30.53078652,131.7449117,,,
EM126,83,f,wt,ctrl,mg,hippocampus,0.996725522,2.994991974,8.239678973,10.22022472,17.19993579,42.14857143,63.70632424,26.18651685,0,147.2628571,30.83556982,116.4272873,,,
EM149,95,f,wt,ctrl,mg,hippocampus,0.02247619,2.706666667,6.463466667,8.202057143,12.29432381,35.94620952,54.67771429,22.76533333,0,158.1462857,42.6519619,115.4943238,,,
EM150,95,f,wt,ctrl,mg,hippocampus,0.526704762,2.531047619,7.106133333,9.058590476,12.88175238,33.67504762,51.33295238,21.57630476,0,150.6856381,40.59009524,110.0955429,,,
EM33,34,f,sca,ctrl,mg,hippocampus,4.264065041,8.484173442,18.38775068,18.92271003,20.82059621,48.47349593,73.68124661,23.96747967,0,179.5169648,36.09517615,143.4217886,,,
EM34,34,f,sca,ctrl,mg,hippocampus,2.844119241,6.099566396,12.20720867,12.2499187,13.06276423,33.93246612,52.86921409,18.10720867,0,140.0702439,32.4697561,107.6004878,,,
EM61,57,f,sca,ctrl,mg,hippocampus,3.278395245,7.531827637,20.27441308,21.61759287,33.5764636,63.1189896,89.6761367,32.30680535,0,187.293789,28.43013373,158.8636553,,,
EM62,57,f,sca,ctrl,mg,hippocampus,1.386389302,5.235542348,15.32683507,16.1161367,25.59946508,52.36933135,74.75548291,30.54026746,0,151.1265973,23.90989599,127.2167013,,,
EM73,60,f,sca,ctrl,mg,hippocampus,0.822350515,4.114391753,16.13212371,17.11224742,29.45360825,60.45352577,96.92041237,31.41402062,0,195.1075464,37.19298969,157.9145567,,,
EM74,60,f,sca,ctrl,mg,hippocampus,0.768164948,5.473072165,18.76618557,19.58358763,34.27447423,63.8105567,101.518268,34.44189691,0,200.0461031,35.90416495,164.1419381,,,
EM109,73,f,sca,ctrl,mg,hippocampus,2.336283186,4.148053097,8.165486726,10.06964602,11.37265487,48.2880531,76.52539823,30.76026549,0,195.5400885,39.9699115,155.570177,,,
EM110,73,f,sca,ctrl,mg,hippocampus,2.375044248,4.687787611,7.790442478,9.522743363,11.82318584,41.89486726,65.77044248,24.85265487,0,199.139646,45.13672566,154.0029204,,,
EM121,77,f,sca,ctrl,mg,hippocampus,0.188031496,3.525590551,12.43149606,13.41771654,22.61417323,54.11141732,81.48338583,30.54511811,0,179.9218898,31.83370079,148.088189,,,
EM122,77,f,sca,ctrl,mg,hippocampus,3.402834646,7.27015748,16.49181102,17.85653543,26.47748031,55.31708661,84.59606299,30.93944882,0,170.6062992,35.09724409,135.5090551,,,
EM45,43,f,sca,eda,mg,hippocampus,3.419461538,8.096923077,18.20992308,19.89792308,26.61430769,58.17546154,92.57746154,28.39876923,0,183.7086923,35.42330769,148.2853846,,,
EM46,43,f,sca,eda,mg,hippocampus,5.047384615,9.184230769,19.632,23.54723077,28.47746154,61.806,99.09538462,27.847,0,182.4909231,34.91361538,147.5773077,,,
EM57,56,f,sca,eda,mg,hippocampus,1.598873995,5.337533512,15.71013405,16.94648794,27.4802681,55.07453083,88.44514745,27.89635389,0,178.1270241,25.5310992,152.5959249,,,
EM58,56,f,sca,eda,mg,hippocampus,1.824664879,5.626434316,15.07780161,16.95983914,26.28680965,50.07254692,77.53292225,24.94981233,0,151.7256836,24.00300268,127.722681,,,
EM69,59,f,sca,eda,mg,hippocampus,2.024339623,5.520660377,14.14245283,15.75669811,20.27707547,40.24669811,74.40226415,24.81801887,0,211.3557547,44.42669811,166.9290566,,,
EM70,59,f,sca,eda,mg,hippocampus,0,3.876415094,13.34981132,15.05811321,19.50396226,44.53075472,77.98556604,25.27811321,0.645471698,180.5433962,43.38150943,137.1618868,,,
EM81,62,f,sca,eda,mg,hippocampus,0.742350674,6.942042389,17.75491329,20.24416185,34.36840077,73.53919075,115.2235067,40.06057803,0,258.9721002,43.26712909,215.7049711,,,
EM82,62,f,sca,eda,mg,hippocampus,0.438843931,4.500809249,9.894874759,11.39714836,18.39483622,45.08423892,70.05633911,26.5055106,0,189.3693256,40.09248555,149.2768401,,,
EM93,66,f,sca,eda,mg,hippocampus,0.963275261,4.968013937,12.86181185,14.3312892,21.75505226,59.63609756,89.10278746,35.71560976,0,205.1126829,32.46898955,172.6436934,,,
EM94,66,f,sca,eda,mg,hippocampus,2.011010453,5.486898955,14.04543554,15.0641115,22.95498258,55.72501742,82.11094077,31.27226481,0,194.3593728,34.5441115,159.8152613,,,
EM5,2,m,wt,ctrl,mg,hippocampus,5.032493151,10.39068493,30.69715068,29.34843836,44.32427397,87.3469589,121.9258082,39.9770411,0,427.0388493,78.28712329,348.751726,,,
EM6,2,m,wt,ctrl,mg,hippocampus,4.618630137,10.11605479,30.02668493,28.70860274,38.66191781,79.24794521,110.5367671,36.67249315,0,430.6564384,94.57041096,336.0860274,,,
EM21,6,m,wt,ctrl,mg,hippocampus,4.026517691,7.914636872,17.47396648,17.09124767,21.42316574,53.18286778,88.53512104,26.69832402,0,318.0966108,79.66659218,238.4300186,,,
EM22,6,m,wt,ctrl,mg,hippocampus,3.282383613,5.437392924,14.0418622,15.06815642,17.32201117,44.18703911,73.40379888,25.15806331,0,265.7625326,76.05504655,189.707486,,,
EM29,22,m,wt,ctrl,mg,hippocampus,5.020094192,8.217582418,14.09098901,11.84257457,31.99874411,74.73262166,100.3051805,31.12339089,0,365.4253689,76.43095761,288.9944113,,,
EM30,22,m,wt,ctrl,mg,hippocampus,7.401821036,10.68540031,16.87598116,15.64847724,30.77136578,68.96320251,94.60433281,26.31133438,0,318.7003454,76.53343799,242.1669074,,,
EM101,70,m,wt,ctrl,mg,hippocampus,2.310583942,4.333868613,8.572554745,10.39452555,12.55321168,41.74576642,59.6279562,23.89861314,0,179.3527737,38.29335766,141.0594161,,,
EM102,70,m,wt,ctrl,mg,hippocampus,1.364744526,4.278832117,10.8019708,12.32416058,15.32379562,43.14562044,63.00890511,25.28459854,0,170.9841606,29.12510949,141.8590511,,,
EM105,71,m,wt,ctrl,mg,hippocampus,4.680731707,8.669512195,17.47552846,19.5896748,27.6900813,63.91560976,92.99845528,32.56869919,0,220.8426829,40.23211382,180.6105691,,,
EM106,71,m,wt,ctrl,mg,hippocampus,2.104634146,5.66203252,10.3201626,13.77520325,17.22463415,48.05341463,73.79406504,25.84650407,0,171.975122,38.26211382,133.7130081,,,
EM9,3,m,wt,eda,mg,hippocampus,1.097709497,3.411564246,10.03486034,11.12368715,11.39,46.72977654,80.0077095,30.97659218,0,255.8951955,64.3349162,191.5602793,,,
EM10,3,m,wt,eda,mg,hippocampus,1.697541899,4.120223464,9.486145251,10.28670391,11.3101676,42.73675978,68.88541899,28.14882682,0,269.5376536,68.76636872,200.7712849,,,
EM13,4,m,wt,eda,mg,hippocampus,2.761065246,5.30849534,13.1734221,13.65619174,19.57587217,46.18428762,67.61097204,22.22242344,0,252.0756858,64.75770972,187.317976,,,
EM14,4,m,wt,eda,mg,hippocampus,4.36,8.245166445,20.53464714,20.93571238,31.55802929,66.44889481,89.33667111,32.32569907,0,274.4947004,62.71621838,211.778482,,,
EM25,17,m,wt,eda,mg,hippocampus,3.463515152,6.074363636,12.16078788,11.93042424,17.55945455,52.20175758,76.32569697,28.37781818,0,271.4040606,72.92927273,198.4747879,,,
EM26,17,m,wt,eda,mg,hippocampus,2.200727273,4.77230303,9.986,10.16224242,13.08727273,44.78884848,66.56890909,25.72690909,0,286.5421212,75.59824242,210.9438788,,,
EM37,35,m,wt,eda,mg,hippocampus,3.222829268,4.723382114,8.228487805,8.289300813,9.071609756,23.76039024,38.2820813,12.99063415,0,135.6008455,39.09001626,96.51082927,,,
EM38,35,m,wt,eda,mg,hippocampus,3.290861789,6.176195122,7.627707317,8.145691057,8.743544715,25.88195122,42.08494309,14.58152846,0,137.5376911,38.5081626,99.02952846,,,
EM41,42,m,wt,eda,mg,hippocampus,2.872619048,6.367333333,18.14838095,20.18309524,22.42152381,54.18895238,84.66285714,28.39671429,0,171.0479524,26.6737619,144.3741905,,,
EM42,42,m,wt,eda,mg,hippocampus,3.114142857,5.957619048,15.11890476,17.17557143,19.33914286,50.65495238,80.81585714,27.503,0,164.7731429,25.77752381,138.995619,,,
EM53,55,m,wt,eda,mg,hippocampus,1.018088235,3.557352941,6.176985294,7.996911765,9.340588235,34.15007353,54.14926471,22.18411765,0,154.9291912,34.87911765,120.0500735,,,
EM54,55,m,wt,eda,mg,hippocampus,2.569411765,6.626911765,9.011691176,12.20897059,14.26838235,48.23338235,76.37617647,33.25102941,0,193.4197059,34.84801471,158.5716912,,,
EM157,120,m,wt,eda,mg,hippocampus,1.846473988,8.177572254,17.7449711,19.97888247,34.74342967,67.00986513,92.99753372,32.50689788,0,198.0460116,41.17811175,156.8678998,,,
EM158,120,m,wt,eda,mg,hippocampus,0,6.303660886,16.73757225,20.64346821,33.58196532,67.27976879,93.43614644,35.05526012,1.006319846,199.3121387,39.52262042,159.7895183,,,
EM17,5,m,sca,eda,mg,hippocampus,2.297413572,5.378950064,12.96507042,13.09638924,15.0428169,50.26258643,79.62110115,30.15411012,0,244.7419206,59.71713188,185.0247887,,,
EM18,5,m,sca,eda,mg,hippocampus,2.428066581,5.951498079,12.6562356,13.59037132,16.78238156,53.11928297,80.87175416,29.55692702,0,257.8707298,55.13879641,202.7319334,,,
EM85,63,m,sca,eda,mg,hippocampus,4.216646465,9.644929293,22.43450505,23.6679596,39.56509091,71.10723232,113.8321616,35.75725253,0,250.8566465,45.77971717,205.0769293,,,
EM86,63,m,sca,eda,mg,hippocampus,1.257292929,7.607272727,18.86642424,21.20888889,38.63539394,74.38092929,120.1852929,38.99919192,0,243.0134949,40.89535354,202.1181414,,,
EM97,69,m,sca,eda,mg,hippocampus,2.288888889,6.637819706,13.37727463,14.23572327,21.85895178,52.26515723,82.92796646,28.83178197,0,192.2867925,37.58356394,154.7032285,,,
EM98,69,m,sca,eda,mg,hippocampus,1.706834382,5.262809224,13.72234801,14.81106918,23.33224319,52.04427673,81.30624738,29.70616352,0,172.9640252,34.11681342,138.8472117,,,
EM133,87,m,sca,eda,mg,hippocampus,3.131895911,8.256431227,26.25620818,27.75092937,45.50490706,90.81011152,133.0449814,45.7929368,0,257.7470632,42.56736059,215.1797026,,,
EM134,87,m,sca,eda,mg,hippocampus,0.870780669,4.718215613,18.60639405,19.89211896,33.05747212,68.07107807,100.7657249,33.78289963,0,202.459777,38.68624535,163.7735316,,,
EM145,92,m,sca,eda,mg,hippocampus,2.549482759,6.040431034,12.65801724,13.43586207,21.10336207,52.11405172,77.04818966,30.23793103,0,174.8541379,35.1737069,139.680431,,,
EM146,92,m,sca,eda,mg,hippocampus,1.336982759,5.51137931,13.13137931,13.83991379,22.40017241,58.20637931,83.90543103,34.61887931,0,176.3206897,35.86094828,140.4597414,,,
EM65,58,f,wt,eda,mg,hippocampus,1.154917127,3.635948435,11.39167587,12.97230203,17.53539595,35.51720074,64.41458564,20.76154696,0,171.3778269,38.66106814,132.7167587,,,
EM66,58,f,wt,eda,mg,hippocampus,2.111307551,6.547403315,20.54379374,21.62497238,28.92825046,54.70276243,89.22556169,27.28699816,0,187.360442,33.12294659,154.2374954,,,
EM117,76,f,wt,eda,mg,hippocampus,1.692850467,5.542102804,20.38429907,22.57448598,32.32981308,67.1014486,104.1053738,35.09976636,0,196.3047196,25.22700935,171.0777103,,,
EM118,76,f,wt,eda,mg,hippocampus,1.593224299,5.29453271,16.75074766,18.09976636,25.71163551,54.88257009,82.3928972,29.19425234,0,162.1565421,22.70906542,139.4474766,,,
EM153,96,f,wt,eda,mg,hippocampus,0.589293362,4.541498929,13.33567452,14.6330621,24.46689507,58.42603854,94.61593148,31.14321199,0,213.1148608,43.87237687,169.2424839,,,
EM154,96,f,wt,eda,mg,hippocampus,0.822269807,3.656702355,8.829807281,10.37635974,17.14852248,41.33284797,65.76779443,23.81404711,0,156.0662099,42.92847966,113.1377302,,,
EM161,121,f,wt,eda,mg,hippocampus,5.394519231,11.06240385,26.09125,27.75692308,51.46423077,94.95423077,159.3473077,43.77951923,0,249.9976923,43.78317308,206.2145192,,,
EM162,121,f,wt,eda,mg,hippocampus,3.655384615,10.83519231,24.63586538,25.25788462,41.63615385,74.16903846,112.4445192,33.27826923,0,194.775,45.36605769,149.4089423,,,
EM165,122,f,wt,eda,mg,hippocampus,3.286827586,6.437517241,14.54234483,16.20365517,23.39744828,57.01082759,84.178,28.93137931,0,185.2137931,33.87,151.3437931,,,
EM166,122,f,wt,eda,mg,hippocampus,1.272413793,5.050965517,9.833931034,11.61572414,16.88151724,39.73137931,61.57965517,31.78510345,0,169.8188276,36.53103448,133.2877931,,,
EM89,64,m,sca,ctrl,mg,hippocampus,1.056666667,4.221282051,12.67247863,14.27675214,20.34128205,57.70025641,96.99358974,35.96376068,0,214.1418803,44.41,169.7318803,,,
EM90,64,m,sca,ctrl,mg,hippocampus,0,4.032564103,11.47923077,13.16136752,17.44786325,50.89119658,78.91316239,32.32512821,0.187008547,183.5662393,41.43068376,142.1355556,,,
EM113,75,m,sca,ctrl,mg,hippocampus,3.12761523,6.336913828,13.16513026,13.7355511,16.91823647,58.7195992,87.42356713,34.44729459,0,225.4488176,37.70685371,187.7419639,,,
EM114,75,m,sca,ctrl,mg,hippocampus,2.383246493,5.801683367,12.31094188,15.24721443,19.17507014,57.96360721,86.01330661,34.0391984,0,210.4492986,35.49851703,174.9507816,,,
EM129,86,m,wt,ctrl,mg,hippocampus,0.268012618,3.818044164,15.3792429,16.69059937,29.62315457,58.74984227,94.77425868,29.97230284,0,176.4011987,30.19205047,146.2091483,,,
EM130,86,m,wt,ctrl,mg,hippocampus,0.148706625,3.551104101,13.41589905,14.54649842,28.67829653,60.55129338,93.33892744,30.52189274,0,181.7574763,29.54908517,152.2083912,,,
EM137,88,m,sca,ctrl,mg,hippocampus,0.25129326,5.787832423,19.56641166,19.74258652,31.43599271,56.03693989,79.38557377,24.89020036,0,87.39650273,29.3207286,58.07577413,,1,
EM138,88,m,sca,ctrl,mg,hippocampus,0.480947177,6.75417122,23.24335155,25.72284153,35.70163934,66.2624408,86.49661202,28.5764663,0,164.2438616,32.49712204,131.7467395,,,
EM141,89,m,sca,ctrl,mg,hippocampus,0.128164666,2.529536878,7.043018868,7.957667238,12.61770154,36.03958834,54.72823328,22.18264151,0,138.0131046,31.79114923,106.2219554,,,
EM142,89,m,sca,ctrl,mg,hippocampus,0.850634648,2.188610635,6.931320755,8.207478559,13.4032247,38.89372213,57.97296741,23.55348199,0,141.0282676,30.55176672,110.4765009,,,
EM3,1,f,wt,ctrl,mg,cerebellum,1.808421053,4.410040486,23.01684211,22.64453441,35.70963563,79.30129555,97.34040486,41.48064777,0,499.3123887,122.6880972,376.6242915,,,
EM4,1,f,wt,ctrl,mg,cerebellum,1.84415668,6.672307692,25.32040486,25.6037247,34.04331984,74.13352227,100.3569231,37.23522267,0,543.7944939,135.2638866,408.5306073,,,
EM51,51,f,wt,ctrl,mg,cerebellum,0.221158301,4.172355212,13.93366795,16.50864865,20.99011583,72.94100386,86.51930502,46.21474903,0,237.1282625,36.66633205,200.4619305,,,
EM52,51,f,wt,ctrl,mg,cerebellum,2.042779923,5.521467181,13.67760618,17.00393822,20.34,65.47405405,79.6423166,39.75065637,0,271.2686486,44.49745174,226.7711969,,,
EM79,61,f,wt,ctrl,mg,cerebellum,0.758253275,4.175895197,28.8971179,30.24489083,44.40524017,80.14646288,101.9508297,39.01310044,0,247.4916157,40.05860262,207.4330131,,,
EM80,61,f,wt,ctrl,mg,cerebellum,1.116157205,7.27790393,33.27152838,35.28969432,48.33327511,85.02768559,108.2606114,41.52628821,0,246.7233188,38.32995633,208.3933624,,,
EM127,83,f,wt,ctrl,mg,cerebellum,0.185748031,4.758818898,28.88590551,32.19645669,53.5988189,100.6802362,125.6259843,52.65795276,0,262.9266142,36.38173228,226.5448819,,,
EM128,83,f,wt,ctrl,mg,cerebellum,1.60503937,4.613937008,21.60858268,24,35.30984252,69.70637795,85.4384252,37.06527559,0,209.3181102,37.85023622,171.467874,,,
EM151,95,f,wt,ctrl,mg,cerebellum,0,7.373830228,29.33730849,31.61151139,53.06062112,95.54227743,121.4761077,48.11875776,3.056480331,239.211677,40.18385093,199.0278261,,,
EM152,95,f,wt,ctrl,mg,cerebellum,0,7.503768116,27.41747412,29.11138716,45.27643892,87.14451346,109.1858385,46.95345756,2.514534161,290.7224017,55.09995859,235.6224431,,,
EM35,34,f,sca,ctrl,mg,cerebellum,4.566953528,9.508777969,26.85273666,28.88020654,31.78340792,77.04523236,90.41376936,40.63070568,0,290.7118072,43.87752151,246.8342857,,,
EM36,34,f,sca,ctrl,mg,cerebellum,3.984784854,8.98292599,24.62086059,24.87683305,28.38037866,64.74072289,80.84516351,33.36853701,0,252.0245095,46.10478485,205.9197246,,,
EM63,57,f,sca,ctrl,mg,cerebellum,0.429469835,6.130383912,33.50595978,35.47151737,50.08511883,88.40197441,109.0846801,41.90954296,0,225.9137112,31.9183181,193.9953931,,,
EM64,57,f,sca,ctrl,mg,cerebellum,0.979744059,5.89535649,30.49857404,32.23005484,49.05769653,87.56,109.1510055,41.42837294,0,232.1697258,31.54625229,200.6234735,,,
EM75,60,f,sca,ctrl,mg,cerebellum,1.299907407,3.693148148,24.71777778,27.42842593,42.4737037,77.15064815,96.93166667,38.21509259,0,225.6709259,37.54861111,188.1223148,,,
EM76,60,f,sca,ctrl,mg,cerebellum,0,4.521944444,26.79944444,28.65305556,46.16796296,78.88138889,99.91018519,37.68805556,0.860092593,268.8264815,46.46768519,222.3587963,,,
EM111,73,f,sca,ctrl,mg,cerebellum,1.982300885,5.138141593,19.80778761,22.24070796,27.93345133,69.01681416,89.38646018,38.56176991,0,172.7545133,30.09353982,142.6609735,,,
EM112,73,f,sca,ctrl,mg,cerebellum,2.559292035,5.935309735,15.84460177,17.55469027,22.25725664,54.39141593,72.04044248,29.81265487,0,209.920354,41.84814159,168.0722124,,,
EM123,77,f,sca,ctrl,mg,cerebellum,0,3.720503778,14.56171285,16.37672544,23.11012594,59.24302267,71.2640806,35.00634761,0.377329975,170.3881108,34.06246851,136.3256423,,,
EM124,77,f,sca,ctrl,mg,cerebellum,1.828413098,5.037984887,16.4186398,19.45823678,26.33934509,65.34347607,80.53007557,37.46962217,0,237.0292191,46.36967254,190.6595466,,,
EM47,43,f,sca,eda,mg,cerebellum,2.125565217,5.250173913,20.76678261,22.34121739,27.76921739,69.68391304,95.09121739,39.01808696,0,224.827913,41.85973913,182.9681739,,,
EM48,43,f,sca,eda,mg,cerebellum,1.274347826,5.582782609,20.90808696,23.2873913,27.57052174,63.13765217,88.77426087,35.07504348,0,221.9790435,40.9106087,181.0684348,,,
EM59,56,f,sca,eda,mg,cerebellum,0.319716981,3.756037736,23.435,25.39783019,33.05009434,67.4154717,84.78235849,35.78811321,0,194.6309434,34.47716981,160.1537736,,,
EM60,56,f,sca,eda,mg,cerebellum,0.248113208,3.549528302,15.36367925,18.00669811,24.31481132,56.20754717,73.11028302,30.55886792,0,203.0101887,40.89264151,162.1175472,,,
EM71,59,f,sca,eda,mg,cerebellum,0,3.324009547,19.18787589,22.38529833,25.74491647,45.18443914,67.8421957,30.52859189,2.376229117,212.9685919,43.21794749,169.7506444,,,
EM72,59,f,sca,eda,mg,cerebellum,0,5.172792363,22.73231504,26.1398568,30.78577566,47.3875895,72.34405728,31.34424821,1.105298329,248.3867303,44.94568019,203.4410501,,,
EM83,62,f,sca,eda,mg,cerebellum,1.190505837,6.767392996,31.40435798,35.05447471,52.69961089,95.98817121,123.0941634,45.00661479,0,274.1096498,39.62319066,234.4864591,,,
EM84,62,f,sca,eda,mg,cerebellum,0.056964981,7.577198444,33.97898833,36.43766537,52.68,82.30264591,118.8884825,41.68583658,0,357.1922179,48.56863813,308.6235798,,,
EM95,66,f,sca,eda,mg,cerebellum,0.123550725,3.959202899,15.90623188,16.97188406,25.74471014,61.59449275,73.28123188,36.5926087,0,202.172971,31.28978261,170.8831884,,,
EM96,66,f,sca,eda,mg,cerebellum,0.261376812,3.936231884,14.73275362,16.20021739,24.45485507,57.26753623,69.89057971,32.8123913,0,223.8749275,37.52934783,186.3455797,,,
EM7,2,m,wt,ctrl,mg,cerebellum,3.015303644,9.476032389,36.828583,35.41805668,48.65206478,101.431336,126.6818623,48.8491498,0,538.6719838,98.03384615,440.6381377,,,
EM8,2,m,wt,ctrl,mg,cerebellum,3.603562753,10.74105263,38.82574899,37.29967611,52.22283401,106.1451822,126.8995951,50.32412955,0,531.2353036,106.0102024,425.2251012,,,
EM23,6,m,wt,ctrl,mg,cerebellum,2.319554731,6.942931354,22.71413729,23.18478664,29.923859,74.11666048,97.08014842,40.3928757,0,360.7438219,78.43688312,282.3069388,,,
EM24,6,m,wt,ctrl,mg,cerebellum,1.690538033,5.84742115,19.02218924,19.65684601,25.58248609,63.41706865,83.13714286,34.72541744,0,338.0195918,80.93721707,257.0823748,,,
EM31,22,m,wt,ctrl,mg,cerebellum,3.77536,8.90936,17.67128,15.70152,70.08256,134.222,157.7572,56.87456,0,525.87776,83.26,442.61776,,,
EM32,22,m,wt,ctrl,mg,cerebellum,3.3256,9.00608,14.67296,12.76096,43.53728,95.61248,111.83984,38.53432,0,397.50496,111.31088,286.19408,,,
EM103,70,m,wt,ctrl,mg,cerebellum,1.240180587,4.4648307,17.4661851,19.30997743,25.03927765,63.4041535,78.14717833,36.92939052,0,223.9896163,43.45092551,180.5386907,,,
EM104,70,m,wt,ctrl,mg,cerebellum,0,2.584559819,14.87358916,16.94519187,22.18275395,60.54428894,76.81480813,34.52794582,0.133995485,259.2179684,46.9282167,212.2897517,,,
EM107,71,m,wt,ctrl,mg,cerebellum,0,4.151349353,16.08073937,18.39475046,28.84465804,61.74454713,78.53966728,32.64140481,0.066691312,193.6734935,30.84621072,162.8272828,,,
EM108,71,m,wt,ctrl,mg,cerebellum,1.838817006,5.339075786,18.48192237,21.35548983,29.44783734,65.88288355,84.49774492,33.98735675,0,216.0266174,37.10920518,178.9174122,,,
EM11,3,m,wt,eda,mg,cerebellum,2.286415094,7.909245283,37.36650943,38.55,56.03179245,112.149717,141.4556604,53.66283019,0,458.6211321,110.4196226,348.2015094,,,
EM12,3,m,wt,eda,mg,cerebellum,3.296603774,8.274811321,33.6540566,33.42679245,45.99396226,93.78679245,115.520283,46.69858491,0,478.3335849,114.935,363.3985849,,,
EM15,4,m,wt,eda,mg,cerebellum,2.614851485,6.770891089,29.74663366,30.66633663,43.93475248,93.25772277,112.4151485,46.23247525,0,450.069802,113.7038614,336.3659406,,,
EM16,4,m,wt,eda,mg,cerebellum,1.62950495,4.758910891,19.87039604,21.49514851,27.70782178,59.56376238,75.97623762,32.76485149,0,422.0223762,131.2560396,290.7663366,,,
EM27,17,m,wt,eda,mg,cerebellum,2.399409283,6.176118143,23.12843882,23.86514768,35.1864135,76.84042194,93.29763713,38.30548523,0,361.3181435,96.32075949,264.997384,,,
EM28,17,m,wt,eda,mg,cerebellum,2.70371308,5.118565401,21.01721519,21.10751055,27.03375527,61.34438819,78.81164557,33.54008439,0,370.5533333,98.59400844,271.9593249,,,
EM39,35,m,wt,eda,mg,cerebellum,2.948638132,5.166225681,12.26902724,13.27540856,14.17159533,36.96459144,47.67828794,21.37400778,0,182.8850584,46.28988327,136.5951751,,,
EM40,35,m,wt,eda,mg,cerebellum,4.189105058,7.155875486,17.66342412,19.01478599,21.44607004,49.42070039,64.19875486,25.80272374,0,186.9975875,41.48848249,145.5091051,,,
EM43,42,m,wt,eda,mg,cerebellum,2.305948276,7.253189655,24.70715517,26.69681034,29.86974138,75.72198276,101.6074138,44.44060345,0,240.4140517,42.20163793,198.2124138,,,
EM44,42,m,wt,eda,mg,cerebellum,3.499224138,7.908362069,25.05956897,27.14706897,29.37474138,72.41034483,103.8591379,41.89905172,0,301.760431,54.83568966,246.9247414,,,
EM55,55,m,wt,eda,mg,cerebellum,1.785421245,5.88959707,15.97238095,17.84549451,22.08864469,60.55369963,75.22380952,35.61750916,0,235.0687179,38.24586081,196.8228571,,,
EM56,55,m,wt,eda,mg,cerebellum,2.291062271,5.611428571,12.87047619,15.4425641,17.87054945,53.42410256,66.99355311,34.31457875,0,216.172381,38.51714286,177.6552381,,,
EM159,120,m,wt,eda,mg,cerebellum,1.216788321,4.884087591,19.03394161,21.75291971,41.67408759,72.34,89.72635036,34.77445255,0,183.8654745,32.69722628,151.1682482,,,
EM160,120,m,wt,eda,mg,cerebellum,0,6.135620438,21.99255474,25.33124088,45.02372263,77.47839416,96.01839416,34.47934307,0.732773723,230.1053285,44.20562044,185.899708,,,
EM19,5,m,sca,eda,mg,cerebellum,3.233031359,7.648989547,23.92041812,23.07763066,27.24362369,87.64641115,120.7560279,54.58585366,0,414.237561,69.97986063,344.2577003,,,
EM20,5,m,sca,eda,mg,cerebellum,2.440209059,6.604738676,20.45581882,19.69184669,26.25909408,78.87797909,106.4406272,48.10557491,0,405.4247387,76.62299652,328.8017422,,,
EM87,63,m,sca,eda,mg,cerebellum,0,5.517162471,23.60640732,25.60265446,32.44851259,47.237254,73.47377574,34.12338673,2.695652174,253.4629748,44.33125858,209.1317162,,,
EM88,63,m,sca,eda,mg,cerebellum,0,4.894919908,15.34791762,17.51313501,21.34050343,25.64778032,39.97803204,15.90462243,0.45180778,231.6473227,44.18187643,187.4654462,,,
EM99,69,m,sca,eda,mg,cerebellum,0,3.826926407,12.13082251,15.04190476,22.44225108,53.55281385,67.34294372,30.82493506,-0.081645022,184.5083117,33.99575758,150.5125541,,,
EM100,69,m,sca,eda,mg,cerebellum,0.655151515,5.266753247,20.14147186,22.20683983,31.06874459,65.53593074,84.88857143,36.74614719,0,204.9106494,35.78112554,169.1295238,,,
EM135,87,m,sca,eda,mg,cerebellum,0.508668076,6.163636364,31.70875264,36.06714588,49.60794926,96.40363636,125.8793235,49.43357294,0,273.437463,43.76219873,229.6752643,,,
EM136,87,m,sca,eda,mg,cerebellum,0.173192389,4.689048626,23.12600423,25.57057082,38.06012685,77.74849894,98.0346723,38.9159408,0,259.9965328,49.28160677,210.714926,,,
EM147,92,m,sca,eda,mg,cerebellum,0.54832981,5.237632135,27.47289641,28.81395349,43.89420719,86.30655391,114.1511205,43.9235518,0,231.7612685,37.4827907,194.2784778,,,
EM148,92,m,sca,eda,mg,cerebellum,1.18756871,5.085327696,30.24262156,31.64913319,46.04270613,86.15340381,116.3551797,42.9655814,0,249.3890063,41.80862579,207.5803805,,,
EM67,58,f,wt,eda,mg,cerebellum,0,6.442801556,30.11782101,32.47968872,43.63610895,79.17424125,99.31883268,36.9229572,0.067937743,217.7842023,31.32326848,186.4609339,,,
EM68,58,f,wt,eda,mg,cerebellum,0.38848249,3.96614786,18.11019455,19.66178988,23.31571984,33.32817121,51.18194553,21.49571984,0,225.4202335,41.82249027,183.5977432,,,
EM119,76,f,wt,eda,mg,cerebellum,1.711982759,6.126293103,25.83353448,28.85568966,40.78991379,89.35293103,106.1191379,49.48413793,0,266.862069,41.03862069,225.8234483,,,
EM120,76,f,wt,eda,mg,cerebellum,0.781293103,4.500862069,19.76508621,22.61267241,30.18905172,68.6112931,83.75810345,39.04025862,0,255.275,46.25456897,209.020431,,,
EM155,96,f,wt,eda,mg,cerebellum,0.387368421,7.790568421,38.56816842,42.34854737,74.60370526,138.7298526,165.9076211,67.31865263,0,351.2602947,59.47098947,291.7893053,,,
EM156,96,f,wt,eda,mg,cerebellum,0.442357895,6.571621053,28.85524211,31.64698947,53.24589474,99.73052632,120.8288842,49.63166316,0,274.9741474,47.26122105,227.7129263,,,
EM163,121,f,wt,eda,mg,cerebellum,3.755307263,8.357243948,25.06517691,27.79672253,40.98472998,75.65802607,97.65713222,37.741527,0,209.9321415,36.3926257,173.5395158,,,
EM164,121,f,wt,eda,mg,cerebellum,0,5.127821229,17.62443203,19.8086406,29.89385475,59.74115456,78.30048417,29.90331471,0.792178771,185.0391806,37.55687151,147.4823091,,,
EM167,122,f,wt,eda,mg,cerebellum,0,4.840817996,18.09758691,22.1599182,38.81349693,74.2790184,92.2407362,37.8003272,2.764335378,237.4999591,43.8595501,193.640409,,,
EM168,122,f,wt,eda,mg,cerebellum,0,4.755255624,19.85374233,22.25186094,35.0599591,68.14159509,87.02118609,33.47738241,0.486871166,210.1822495,43.22282209,166.9594274,,,
EM91,64,m,sca,ctrl,mg,cerebellum,0,7.435692308,36.26441026,36.55152137,58.27220513,97.65531624,125.3902906,45.3645812,0.429470085,230.9918632,30.10147009,200.8903932,,,
EM92,64,m,sca,ctrl,mg,cerebellum,0,6.155487179,41.88690598,43.07692308,66.0402735,102.1797607,133.1517949,42.74516239,0.856410256,268.8130598,36.65367521,232.1593846,,,
EM115,75,m,sca,ctrl,mg,cerebellum,3.960817996,8.189038855,25.13415133,27.62625767,35.89014315,83.76408998,108.6376278,47.72392638,0,265.3543558,37.50961145,227.8447444,,,
EM116,75,m,sca,ctrl,mg,cerebellum,2.498895706,7.264376278,22.8194683,24.96261759,34.34314928,80.30969325,104.0179959,41.31312883,0,284.0319018,41.80171779,242.230184,,,
EM131,86,m,sca,ctrl,mg,cerebellum,0.51327674,3.996876061,20.77942275,22.46050934,34.54424448,74.31524618,91.11898132,38.8620034,0,231.3041087,37.81806452,193.4860441,,,
EM132,86,m,sca,ctrl,mg,cerebellum,0.657724958,4.525229202,19.21174873,21.6017657,33.22234295,68.44699491,85.74512733,35.52584041,0,193.7309338,30.39212224,163.3388115,,,
EM139,88,m,sca,ctrl,mg,cerebellum,3.419522546,11.96986737,63.0794695,64.29994695,103.1277454,164.2722546,202.2575066,71.3997878,0,358.0618568,61.06843501,296.9934218,,1,
EM140,88,m,sca,ctrl,mg,cerebellum,0.966896552,12.30291777,49.17623342,50.17941645,76.00753316,123.3800531,157.6680106,53.58429708,0,291.1660477,54.06334218,237.1027056,,1,
EM143,89,m,sca,ctrl,mg,cerebellum,0.276136364,3.830530303,24.0619697,26.55022727,41.98325758,84.10765152,109.6768939,44.67833333,0,206.4995455,30.74128788,175.7582576,,,
EM144,89,m,sca,ctrl,mg,cerebellum,0.451742424,4.555151515,20.81674242,22.86992424,34.00598485,72.01212121,92.31727273,36.96280303,0,230.9851515,38.94166667,192.0434848,,,
EM1,1,f,wt,ctrl,cs,hippocampus,428.704381,901.2525714,2239.285333,2049.597714,3106.745143,6525.377143,9718.106667,2935.702476,0,42074.63086,11180.94857,30893.68229,,,
EM2,1,f,wt,ctrl,cs,hippocampus,373.9093333,771.664,1860.771429,1700.382095,2603.111238,5773.064,8625.450286,2972.888762,0,43594.83238,10522.05448,33072.7779,,,
EM49,51,f,wt,ctrl,cs,hippocampus,113.9958974,453.4449231,791.9872821,991.9421538,1302.789333,5584.118154,8459.897436,3585.831795,0,24321.27056,3845.389538,20475.88103,,,
EM50,51,f,wt,ctrl,cs,hippocampus,281.6288,528.904,773.1396,1075.5152,1350.0312,5317.7836,8132.4872,3335.57,0,20421.8484,3528.724,16893.1244,,,
EM77,61,f,wt,ctrl,cs,hippocampus,205.1917895,629.2970526,1844.589474,2002.442526,3016.333263,6241.970526,9865.364842,3223.597263,0,25638.07579,5105.368421,20532.70737,,,
EM78,61,f,wt,ctrl,cs,hippocampus,148.0732075,589.7370566,1963.665509,2108.898113,3403.720755,5989.747925,9330.228679,3050.431245,0,19322.01781,3476.398642,15845.61917,,,
EM125,83,f,wt,ctrl,cs,hippocampus,58.55555556,331.1222222,938.604,1000.733333,2020.453778,6511.181333,9380.894667,3703.332889,0,19096.24356,3592.795111,15503.44844,,,
EM126,83,f,wt,ctrl,cs,hippocampus,140.7509333,422.9328,1163.552533,1443.232,2428.860267,5951.940267,8996.1824,3697.885333,0,20795.47893,4354.3936,16441.08533,,,
EM149,95,f,wt,ctrl,cs,hippocampus,3.76125,452.94375,1081.62075,1372.563,2057.37825,6015.3735,9149.97375,3809.63625,0,26464.7925,7137.53925,19327.25325,,,
EM150,95,f,wt,ctrl,cs,hippocampus,72.32061538,347.5323077,975.7267692,1243.814154,1768.763692,4623.843077,7048.409231,2962.592615,0,20690.29723,5573.332308,15116.96492,,,
EM33,34,f,sca,ctrl,cs,hippocampus,509.4948571,1013.737524,2197.073524,2260.993524,2487.76381,5791.890286,8803.856381,2863.771429,0,21449.71276,4312.857905,17136.85486,,,
EM34,34,f,sca,ctrl,cs,hippocampus,246.0849655,527.7597241,1056.218207,1059.913655,1130.244414,2935.977379,4574.463172,1566.710621,0,12119.4571,2809.417655,9310.039448,,,
EM61,57,f,sca,ctrl,cs,hippocampus,405.4931892,931.5852973,2507.670919,2673.804108,4152.954811,7806.966054,11091.72627,3995.915243,0,23165.7107,3516.423351,19649.28735,,,
EM62,57,f,sca,ctrl,cs,hippocampus,171.4776216,647.5658378,1895.722378,1993.348324,3166.307892,6477.378595,9246.243027,3777.418378,0,18692.31784,2957.331027,15734.98681,,,
EM73,60,f,sca,ctrl,cs,hippocampus,100.4485926,502.5653333,1970.509037,2090.229333,3597.703704,7384.286222,11838.64889,3837.164444,0,23832.02548,4543.054815,19288.97067,,,
EM74,60,f,sca,ctrl,cs,hippocampus,76.76993939,546.9755152,1875.481212,1957.171879,3425.370182,6377.188364,10145.67418,3442.102303,0,19992.4863,3588.240485,16404.24582,,,
EM109,73,f,sca,ctrl,cs,hippocampus,211.2,374.984,738.16,910.296,1028.088,4365.24,6917.896,2780.728,0,17676.824,3613.28,14063.544,,,
EM110,73,f,sca,ctrl,cs,hippocampus,243.3312,480.2794667,798.1568,975.6368,1211.3248,4292.2688,6738.401067,2546.237333,0,20402.52053,4624.408,15778.11253,,,
EM121,77,f,sca,ctrl,cs,hippocampus,22.65823256,424.8418605,1498.024186,1616.866047,2725.060465,6520.551628,9818.937488,3680.757767,0,21681.00614,3836.034977,17844.97116,,,
EM122,77,f,sca,ctrl,cs,hippocampus,440.8032,941.7762,2136.3492,2313.1356,3429.8928,7165.7754,10958.574,4007.8962,0,22100.34,4546.497,17553.843,,,
EM45,43,f,sca,eda,cs,hippocampus,390.0392258,923.5716129,2077.106065,2269.646968,3035.748129,6635.755871,10559.80335,3239.291871,0,20954.6431,4040.542452,16914.10065,,,
EM46,43,f,sca,eda,cs,hippocampus,469.6724211,854.6168421,1826.809263,2191.131789,2649.902737,5751.210947,9221.086316,2591.236632,0,16981.26063,3248.803789,13732.45684,,,
EM57,56,f,sca,eda,cs,hippocampus,162.21536,541.5248,1593.88736,1719.32288,2788.03808,5587.6416,8973.29088,2830.25248,0,18072.05536,2590.2832,15481.77216,,,
EM58,56,f,sca,eda,cs,hippocampus,237.3374359,731.8404103,1961.196718,2205.996718,3419.172513,6513.026051,10084.84636,3245.266872,0,19735.232,3122.113641,16613.11836,,,
EM69,59,f,sca,eda,cs,hippocampus,201.2612414,548.8678621,1406.052414,1566.541793,2015.960828,4001.354483,7397.124414,2467.424552,0,21013.1349,4416.932966,16596.20193,,,
EM70,59,f,sca,eda,cs,hippocampus,0,465.6866667,1603.757333,1808.981333,2343.076,5349.628,9368.666,3036.744,77.54266667,21689.28,5211.565333,16477.71467,,,
EM81,62,f,sca,eda,cs,hippocampus,67.17702564,628.2014359,1606.683077,1831.940923,3110.075897,6654.731077,10426.84103,3625.174154,0,23434.98297,3915.342359,19519.64062,,,
EM82,62,f,sca,eda,cs,hippocampus,54.0267907,554.1019535,1218.17414,1403.121488,2264.618233,5550.394047,8624.749953,3263.136558,0,23313.56595,4935.851163,18377.71479,,,
EM93,66,f,sca,eda,cs,hippocampus,95.58955932,492.9953898,1276.327729,1422.149695,2158.838644,5917.922441,8842.016949,3544.199186,0,20354.13112,3222.024407,17132.10671,,,
EM94,66,f,sca,eda,cs,hippocampus,201.2660513,549.1401026,1405.696,1507.647179,2297.381744,5577.074051,8217.831385,3129.79241,0,19451.88472,3457.245538,15994.63918,,,
EM5,2,m,wt,ctrl,cs,hippocampus,390.33275,805.9275,2380.94775,2276.33825,3437.9015,6774.8485,9456.8705,3100.71925,0,33122.20075,6072.145,27050.05575,,,
EM6,2,m,wt,ctrl,cs,hippocampus,487.8059574,1068.427574,3171.329021,3032.117106,4083.356596,8369.931915,11674.56409,3873.239489,0,45484.65021,9988.245106,35496.40511,,,
EM21,6,m,wt,ctrl,cs,hippocampus,445.5524848,875.7905455,1933.573818,1891.224242,2370.570667,5884.926061,9796.813576,2954.290909,0,35198.83588,8815.470545,26383.36533,,,
EM22,6,m,wt,ctrl,cs,hippocampus,386.6436129,640.4898065,1654.040774,1774.931613,2040.421161,5204.948129,8646.493935,2963.457548,0,31305.11174,8958.793806,22346.31794,,,
EM29,22,m,wt,ctrl,cs,hippocampus,453.0216667,741.5683333,1271.594333,1068.693667,2887.62,6743.996333,9051.706667,2808.626667,0,32976.59433,6897.257,26079.33733,,,
EM30,22,m,wt,ctrl,cs,hippocampus,654.3209796,944.5893878,1491.836735,1383.325388,2720.188735,6096.347102,8363.02302,2325.921959,0,28173.11053,6765.555918,21407.55461,,,
EM101,70,m,wt,ctrl,cs,hippocampus,287.0053333,538.3242667,1064.8256,1291.138667,1559.276267,5185.3808,7406.5872,2968.5264,0,22278.00587,4756.5456,17521.46027,,,
EM102,70,m,wt,ctrl,cs,hippocampus,158.9245,498.27,1257.8895,1435.1485,1784.456,5024.3075,7337.387,2944.3915,0,19911.1055,3391.619,16519.4865,,,
EM105,71,m,wt,ctrl,cs,hippocampus,378.8674839,701.7270968,1414.503097,1585.626194,2241.288774,5173.453161,7527.474968,2636.173548,0,17875.43419,3256.465161,14618.96903,,,
EM106,71,m,wt,ctrl,cs,hippocampus,224.7211915,604.5605106,1101.929872,1470.84,1839.151149,5130.877787,7879.322043,2759.746723,0,18362.55217,4085.416851,14277.13532,,,
EM9,3,m,wt,eda,cs,hippocampus,127.2506667,395.4815238,1163.279238,1289.50019,1320.37219,5417.093714,9274.798476,3590.924571,0,29664.3459,7457.948571,22206.39733,,,
EM10,3,m,wt,eda,cs,hippocampus,229.5831111,557.2373333,1282.948444,1391.219556,1529.637333,5779.909333,9316.370222,3806.972444,0,36453.47022,9300.269333,27153.20089,,,
EM13,4,m,wt,eda,cs,hippocampus,427.2790303,821.497697,2038.60703,2113.316364,3029.395879,7147.088485,10462.90036,3438.953697,0,39009.0943,10021.3537,28987.74061,,,
EM14,4,m,wt,eda,cs,hippocampus,517.8057674,979.2189767,2438.752,2486.383628,3747.919628,7891.656186,10609.87237,3839.090233,0,32599.75665,7448.353116,25151.40353,,,
EM25,17,m,wt,eda,cs,hippocampus,471.0380606,826.1134545,1653.867152,1622.537697,2388.085818,7099.43903,10380.29479,3859.383273,0,36910.95224,9918.381091,26992.57115,,,
EM26,17,m,wt,eda,cs,hippocampus,290.496,629.944,1318.152,1341.416,1727.52,5912.128,8787.096,3395.952,0,37823.56,9978.968,27844.592,,,
EM37,35,m,wt,eda,cs,hippocampus,748.7706667,1097.399111,1911.752,1925.880889,2107.637333,5520.330667,8894.203556,3018.157333,0,31504.59644,9081.913778,22422.68267,,,
EM38,35,m,wt,eda,cs,hippocampus,573.4326667,1076.202,1329.128,1419.386667,1523.562667,4509.93,7333.301333,2540.831333,0,23965.94267,6710.047333,17255.89533,,,
EM41,42,m,wt,eda,cs,hippocampus,298.3345455,661.2765091,1884.791855,2096.106182,2328.577164,5627.769018,8792.622545,2949.127855,0,17764.10735,2770.191418,14993.91593,,,
EM42,42,m,wt,eda,cs,hippocampus,306.6893793,586.7227586,1488.951448,1691.497655,1904.572138,4988.639448,7958.968552,2708.57131,0,16227.31366,2538.641655,13688.672,,,
EM53,55,m,wt,eda,cs,hippocampus,144.8504615,506.1292308,878.8424615,1137.776,1328.950154,4858.767385,7704.190769,3156.288,0,22042.84862,4962.493538,17080.35508,,,
EM54,55,m,wt,eda,cs,hippocampus,237.6192,612.8568,833.4012,1129.0856,1319.54,4460.6232,7063.2688,3075.0552,0,17887.4544,3222.7444,14664.71,,,
EM157,120,m,wt,eda,cs,hippocampus,,,,,,,,,,,,,,1,
EM158,120,m,wt,eda,cs,hippocampus,,,,,,,,,,,,,,1,
EM17,5,m,sca,eda,cs,hippocampus,277.2978182,649.2392727,1564.884,1580.734182,1815.668,6066.694182,9610.266909,3639.601091,0,29540.34982,7207.857818,22332.492,,,
EM18,5,m,sca,eda,cs,hippocampus,286.5550222,702.3825778,1493.6608,1603.905422,1980.619378,6269.019733,9544.304711,3488.242844,0,30433.33049,6507.358222,23925.97227,,,
EM85,63,m,sca,eda,cs,hippocampus,247.4746667,717.6810667,1446.350933,1539.1664,2363.389867,5650.9088,8966.171733,3117.292267,0,20790.048,4063.534933,16726.51307,,,
EM86,63,m,sca,eda,cs,hippocampus,173.009,533.4515,1390.9315,1501.287,2365.0145,5275.338,8241.4045,3011.091,0,17532.066,3458.1655,14073.9005,,,
EM97,69,m,sca,eda,cs,hippocampus,332.653875,760.8945,1769.872125,1867.180125,3121.31475,5609.694,8980.290375,2820.912,0,19790.23763,3611.5905,16178.64713,,,
EM98,69,m,sca,eda,cs,hippocampus,90.68674286,548.7017143,1360.808229,1529.766857,2786.715771,5364.990171,8668.793486,2812.956,0,17528.21623,2949.723429,14578.4928,,,
EM133,87,m,sca,eda,cs,hippocampus,260.4029091,686.4847273,2183.084364,2307.363636,3783.526182,7550.448,11062.08545,3807.474545,0,21430.49673,3539.282545,17891.21418,,,
EM134,87,m,sca,eda,cs,hippocampus,80.99145763,438.8420339,1730.583864,1850.169356,3074.681085,6331.302508,9372.237153,3142.15322,0,18830.81817,3598.214237,15232.60393,,,
EM145,92,m,sca,eda,cs,hippocampus,294.2973659,697.272,1461.167415,1550.957268,2436.048585,6015.741073,8893.992,3490.489756,0,20184.13815,4060.246829,16123.89132,,,
EM146,92,m,sca,eda,cs,hippocampus,131.8265,543.422,1294.754,1364.6155,2208.657,5739.149,8273.0755,3413.4215,0,17385.22,3535.8895,13849.3305,,,
EM65,58,f,wt,eda,cs,hippocampus,129.2247273,406.8295758,1274.62497,1451.482667,1962.051394,3974.051879,7207.406545,2323.028364,0,19175.62085,4325.822061,14849.79879,,,
EM66,58,f,wt,eda,cs,hippocampus,210.6970811,653.3954595,2050.159568,2158.055351,2886.883027,5459.04,8904.228757,2723.094919,0,18697.55935,3305.491027,15392.06832,,,
EM117,76,f,wt,eda,cs,hippocampus,191.9560519,628.4312727,2311.420675,2559.770805,3665.948883,7608.781403,11804.73818,3980.04,0,22259.42556,2860.546286,19398.87927,,,
EM118,76,f,wt,eda,cs,hippocampus,190.5583562,633.2551233,2003.481205,2164.831233,3075.252493,6564.25611,9854.641973,3491.792548,0,19394.81096,2716.128658,16678.6823,,,
EM153,96,f,wt,eda,cs,hippocampus,,,,,,,,,,,,,,,
EM154,96,f,wt,eda,cs,hippocampus,118.6909091,527.8283636,1274.542545,1497.780364,2475.311273,5966.208727,9493.282182,3437.449455,0,22527.448,6196.530909,16330.91709,,,
EM161,121,f,wt,eda,cs,hippocampus,,,,,,,,,,,,,,,
EM162,121,f,wt,eda,cs,hippocampus,,,,,,,,,,,,,,,
EM165,122,f,wt,eda,cs,hippocampus,,,,,,,,,,,,,,,
EM166,122,f,wt,eda,cs,hippocampus,,,,,,,,,,,,,,,
EM89,64,m,sca,ctrl,cs,hippocampus,90.07328571,359.8341429,1080.238286,1216.991143,1733.949,4918.534714,8268.010714,3065.653714,0,18254.06571,3785.635286,14468.43043,,,
EM90,64,m,sca,ctrl,cs,hippocampus,0,401.0385,1141.6095,1308.898,1735.19,5061.1295,7847.914,3214.734,18.598,18255.6625,4120.2815,14135.381,,,
EM113,75,m,sca,ctrl,cs,hippocampus,274.4644138,556.0969655,1155.308276,1205.365655,1484.662759,5152.948552,7671.870207,3022.928276,0,19784.29986,3308.971448,16475.32841,,,
EM114,75,m,sca,ctrl,cs,hippocampus,209.1422069,509.1277241,1080.348828,1338.021931,1682.711586,5086.606345,7548.112552,2987.115724,0,18468.01448,3115.178483,15352.836,,,
EM129,86,m,wt,ctrl,cs,hippocampus,32.096,457.232,1841.749778,1998.792,3547.537333,7035.62,11349.744,3589.349778,0,21125.02356,3615.665778,17509.35778,,,
EM130,86,m,wt,ctrl,cs,hippocampus,18.14445283,433.2883019,1636.942189,1774.892377,3499.185057,7388.171774,11388.75804,3724.131623,0,22177.15562,3605.434415,18571.72121,,,
EM137,88,m,sca,ctrl,cs,hippocampus,28.14384,648.21408,2191.35984,2211.09072,3520.70544,6275.91312,8890.86672,2787.60288,0,9788.05872,3283.80432,6504.2544,,,
EM138,88,m,sca,ctrl,cs,hippocampus,44.8868,630.3668,2169.302,2400.7128,3332.034,6184.2736,8072.7288,2667.0416,0,15328.8796,3032.9564,12295.9232,,,
EM141,89,m,sca,ctrl,cs,hippocampus,21.17066667,417.8373333,1163.389333,1314.474,2084.234,5953.139333,9040.192,3664.202667,0,22797.46467,5251.368,17546.09667,,,
EM142,89,m,sca,ctrl,cs,hippocampus,153.2843636,394.3876364,1249.024,1478.987636,2415.261091,7008.648727,10446.72873,4244.337455,0,25413.29382,5505.428364,19907.86545,,,
EM3,1,f,wt,ctrl,cs,cerebellum,224.9943704,548.6743704,2863.636148,2817.315556,4442.807704,9866.256,12110.58844,5160.807111,0,62121.85837,15264.21689,46857.64148,,,
EM4,1,f,wt,ctrl,cs,cerebellum,377.6137143,800.4862857,3037.725143,3071.715429,4084.225714,8893.904571,12039.96343,4467.162857,0,65239.80229,16227.80171,49012.00057,,,
EM51,51,f,wt,ctrl,cs,cerebellum,22.912,432.256,1443.528,1710.296,2174.576,7556.688,8963.4,4787.848,0,24566.488,3798.632,20767.856,,,
EM52,51,f,wt,ctrl,cs,cerebellum,211.632,572.024,1417,1761.608,2107.224,6783.112,8250.944,4118.168,0,28103.432,4609.936,23493.496,,,
EM79,61,f,wt,ctrl,cs,cerebellum,110.6955,609.6285,4218.618,4415.376,6482.61,11700.38175,14883.54675,5695.425,0,36130.68225,5848.05525,30282.627,,,
EM80,61,f,wt,ctrl,cs,cerebellum,118.5054545,772.7149091,3532.528909,3746.803091,5131.675636,9027.621273,11494.32436,4408.959273,0,26195.28764,4069.596,22125.69164,,,
EM127,83,f,wt,ctrl,cs,cerebellum,20.92330435,536.049913,3253.80887,3626.72087,6037.557391,11340.972,14150.94783,5931.574957,0,29616.96835,4098.16487,25518.80348,,,
EM128,83,f,wt,ctrl,cs,cerebellum,218.8597895,629.1467368,2946.500842,3272.589474,4814.775789,9505.014947,11650.20379,5054.142947,0,28542.17684,5161.178526,23380.99832,,,
EM151,95,f,wt,ctrl,cs,cerebellum,0,844.8351628,3361.236837,3621.797023,6079.266419,10946.4787,13917.77191,5513.066791,350.1873488,27406.98251,4603.947907,22803.0346,,,
EM152,95,f,wt,ctrl,cs,cerebellum,0,840.1832727,3069.884727,3259.549091,5069.520545,9757.412727,12225.33982,5257.293273,281.5478182,32551.65873,6169.442182,26382.21655,,,
EM35,34,f,sca,ctrl,cs,cerebellum,375.8983333,782.6516667,2210.204,2377.081667,2616.039333,6341.464667,7441.806667,3344.245667,0,23928.00433,3611.485667,20316.51867,,,
EM36,34,f,sca,ctrl,cs,cerebellum,357.7974545,806.5850909,2210.729455,2233.713455,2548.3,5813.128364,7259.160727,2996.191273,0,22629.50982,4139.790545,18489.71927,,,
EM63,57,f,sca,ctrl,cs,cerebellum,59.16503704,844.5398519,4615.880296,4886.661333,6899.87437,12178.51793,15027.82874,5773.582815,0,31122.54222,4397.162074,26725.38015,,,
EM64,57,f,sca,ctrl,cs,cerebellum,98.49340541,592.6585946,3066.013405,3240.078703,4931.756973,8802.383135,10972.92108,4164.783135,0,23339.95978,3171.336216,20168.62357,,,
EM75,60,f,sca,ctrl,cs,cerebellum,178.99725,508.5465,3403.638,3776.89425,5848.629,10623.64425,13347.4905,5262.21825,0,31074.8865,5170.44375,25904.44275,,,
EM76,60,f,sca,ctrl,cs,cerebellum,0,553.486,3280.252,3507.134,5650.958667,9655.082,12229.00667,4613.018,105.2753333,32904.36133,5687.644667,27216.71667,,,
EM111,73,f,sca,ctrl,cs,cerebellum,203.0933333,526.4197333,2029.373867,2278.634667,2861.8752,7071.002667,9157.9408,3950.781867,0,17699.27573,3083.183467,14616.09227,,,
EM112,73,f,sca,ctrl,cs,cerebellum,327.76,760.1153333,2029.165333,2248.170667,2850.412667,6965.727333,9225.979333,3818.007333,0,26883.8,5359.352,21524.448,,,
EM123,77,f,sca,ctrl,cs,cerebellum,0,602.63232,2358.648,2652.63648,3743.28576,9595.94784,11543.07072,5670.18816,61.1184,27598.78464,5517.3024,22081.48224,,,
EM124,77,f,sca,ctrl,cs,cerebellum,274.2213333,755.5857778,2462.431111,2918.303111,3950.316444,9800.069333,12077.72178,5619.610667,0,35549.11556,6954.420444,28594.69511,,,
EM47,43,f,sca,eda,cs,cerebellum,246.2506667,608.2423704,2405.870222,2588.271407,3217.115259,8073.01037,11016.49363,4520.31763,0,26046.73007,4849.528296,21197.20178,,,
EM48,43,f,sca,eda,cs,cerebellum,166.09,727.6226667,2725.020667,3035.123333,3593.358,8228.940667,11570.24533,4571.447333,0,28931.26867,5332.016,23599.25267,,,
EM59,56,f,sca,eda,cs,cerebellum,34.14103704,401.0891852,2502.510815,2712.112,3529.260444,7198.97363,9053.499852,3821.640296,0,20783.70133,3681.650963,17102.05037,,,
EM60,56,f,sca,eda,cs,cerebellum,34.0647619,487.3333333,2109.36,2472.233905,3338.30781,7717.028571,10037.69371,4195.587048,0,27872.33219,5614.364952,22257.96724,,,
EM71,59,f,sca,eda,cs,cerebellum,0,498.4614737,2877.373474,3356.852211,3860.653474,6775.763368,10173.47284,4578.003368,356.3343158,31936.32168,6480.872421,25455.44926,,,
EM72,59,f,sca,eda,cs,cerebellum,0,775.7010526,3408.890105,3919.877895,4616.570105,7106.143158,10848.56253,4700.317474,165.7482105,37247.55116,6739.959579,30507.59158,,,
EM83,62,f,sca,eda,cs,cerebellum,135.6866087,771.3062609,3579.277565,3995.295652,6006.38087,10940.14748,14029.52348,5129.58,0,31241.34939,4516.010087,26725.3393,,,
EM84,62,f,sca,eda,cs,cerebellum,5.333142857,709.3881429,3181.161429,3411.346286,4931.976857,7705.291286,11130.50957,3902.687571,0,33440.84571,4547.065286,28893.78043,,,
EM95,66,f,sca,eda,cs,cerebellum,14.80085106,474.2956596,1905.498894,2033.159489,3084.106723,7378.758128,8778.779745,4383.638809,0,24219.46162,3748.382809,20471.07881,,,
EM96,66,f,sca,eda,cs,cerebellum,36.7914,554.064,2073.7824,2280.3426,3442.2654,8060.9784,9837.798,4618.6722,0,31512.6348,5282.631,26230.0038,,,
EM7,2,m,wt,ctrl,cs,cerebellum,326.7421935,1026.835097,3990.792774,3837.946323,5272.000516,10991.23045,13727.41006,5293.356903,0,58371.19123,10623.07406,47748.11716,,,
EM8,2,m,wt,ctrl,cs,cerebellum,390.4867097,1163.914323,4207.208258,4041.841032,5658.933677,11502.0289,13751.00387,5453.187613,0,57565.34297,11487.40232,46077.94065,,,
EM23,6,m,wt,ctrl,cs,cerebellum,283.3877333,848.2410667,2775.061867,2832.562667,3655.8976,9055.079467,11860.60533,4934.932267,0,44073.2752,9582.895467,34490.37973,,,
EM24,6,m,wt,ctrl,cs,cerebellum,281.6436364,974.1803636,3169.096727,3274.830545,4262.042182,10565.28364,13850.648,5785.254545,0,56314.064,13484.14036,42829.92364,,,
EM31,22,m,wt,ctrl,cs,cerebellum,285.2494222,673.1516444,1335.163378,1186.337067,5295.126756,10141.21778,11919.43289,4297.188978,0,39732.98631,6290.755556,33442.23076,,,
EM32,22,m,wt,ctrl,cs,cerebellum,245.8052174,665.6667826,1084.52313,943.2013913,3217.97287,7067.009391,8266.422957,2848.18887,0,29380.80139,8227.325913,21153.47548,,,
EM103,70,m,wt,ctrl,cs,cerebellum,151.4562162,545.2644324,2133.046054,2358.217946,3057.904865,7743.189405,9543.671351,4509.976865,0,27354.58054,5306.414919,22048.16562,,,
EM104,70,m,wt,ctrl,cs,cerebellum,0,291.9648,1680.195,1914.2136,2505.8748,6839.3856,8677.3848,3900.4494,15.1368,29282.5578,5301.246,23981.3118,,,
EM107,71,m,wt,ctrl,cs,cerebellum,0,409.071,1584.584571,1812.605571,2842.332,6084.263571,7739.242714,3216.460714,6.571714286,19084.44771,3039.563571,16044.88414,,,
EM108,71,m,wt,ctrl,cs,cerebellum,191.4520755,555.8884528,1924.281962,2223.469132,3066.019925,6859.526943,8797.650113,3538.660981,0,22492.03925,3863.698415,18628.34083,,,
EM11,3,m,wt,eda,cs,cerebellum,206.006,712.623,3366.7225,3473.355,5048.4645,10104.6895,12745.155,4835.021,0,41321.764,9948.808,31372.956,,,
EM12,3,m,wt,eda,cs,cerebellum,413.2507826,1037.301565,4218.755478,4190.266435,5765.64313,11756.78609,14481.22087,5853.972174,0,59962.23443,14407.85183,45554.38261,,,
EM15,4,m,wt,eda,cs,cerebellum,194.1491892,502.7295135,2208.647351,2276.934054,3262.096,6924.259892,8346.672865,3432.698811,0,33417.07459,8442.358054,24974.71654,,,
EM16,4,m,wt,eda,cs,cerebellum,235.6092632,688.0884211,2873.050105,3107.972211,4006.259368,8612.293053,10985.36421,4737.452632,0,61019.99326,18978.24168,42041.75158,,,
EM27,17,m,wt,eda,cs,cerebellum,336.2511304,865.5158261,3241.199304,3344.441043,4930.993391,10768.34991,13074.64974,5368.097391,0,50634.81043,13498.30748,37136.50296,,,
EM28,17,m,wt,eda,cs,cerebellum,435.7304,824.908,3387.1344,3401.6864,4356.76,9886.2616,12701.2848,5405.32,0,59718.3752,15889.4104,43828.9648,,,
EM39,35,m,wt,eda,cs,cerebellum,468.4581818,820.7723636,1949.213818,2109.100364,2251.48,5872.665455,7574.779636,3395.746909,0,29055.448,7354.2,21701.248,,,
EM40,35,m,wt,eda,cs,cerebellum,732.088,1250.5608,3086.86,3323.024,3747.9152,8636.7616,11219.3744,4509.284,0,32679.6984,7250.5272,25429.1712,,,
EM43,42,m,wt,eda,cs,cerebellum,220.4766061,693.4928485,2362.303515,2552.538667,2855.909333,7239.939394,9714.900364,4249.060364,0,22986.49745,4034.988121,18951.50933,,,
EM44,42,m,wt,eda,cs,cerebellum,380.7155862,860.4297931,2726.481103,2953.601103,3195.971862,7878.245517,11299.87421,4558.616828,0,32831.5349,5966.123034,26865.41186,,,
EM55,55,m,wt,eda,cs,cerebellum,254.9581538,841.0344615,2280.856,2548.336615,3154.258462,8647.068308,10741.96,5086.180308,0,33567.81292,5461.508923,28106.304,,,
EM56,55,m,wt,eda,cs,cerebellum,354.4273333,868.088,1991.062667,2388.964667,2764.574,8264.708667,10363.90267,5308.465333,0,33441.86733,5958.602,27483.26533,,,
EM159,120,m,wt,eda,cs,cerebellum,,,,,,,,,,,,,,1,
EM160,120,m,wt,eda,cs,cerebellum,,,,,,,,,,,,,,1,
EM19,5,m,sca,eda,cs,cerebellum,300.456381,710.8460952,2223.00419,2144.681143,2531.840762,8145.273143,11222.26019,5072.845333,0,38496.47733,6503.461714,31993.01562,,,
EM20,5,m,sca,eda,cs,cerebellum,226.7767619,613.800381,1901.027429,1830.028952,2440.345143,7330.393524,9891.882286,4470.611429,0,37677.47238,7120.830476,30556.6419,,,
EM87,63,m,sca,eda,cs,cerebellum,0,534.6130435,2287.46087,2480.897217,3144.26087,4577.289913,7119.60887,3306.556174,261.2086957,24560.56226,4295.698957,20264.8633,,,
EM88,63,m,sca,eda,cs,cerebellum,0,681.83175,2137.869,2439.47025,2972.59875,3572.5755,5568.69,2215.4145,62.934,32267.02425,6154.25925,26112.765,,,
EM99,69,m,sca,eda,cs,cerebellum,10.25984,491.16672,1534.66752,1900.48576,2830.44288,6739.92064,8472.84352,3883.84448,0,23196.31232,4282.30272,18914.0096,,,
EM100,69,m,sca,eda,cs,cerebellum,,,,,,,,,,,,,,1,
EM135,87,m,sca,eda,cs,cerebellum,54.536,660.824,3399.601067,3866.878933,5318.6336,10335.7552,13495.94187,5299.938133,0,29316.14187,4691.8912,24624.25067,,,
EM136,87,m,sca,eda,cs,cerebellum,19.89485714,538.6377143,2656.517143,2937.328,4372.021143,8931.081143,11261.38286,4470.329714,0,29866.17314,5661.048571,24205.12457,,,
EM147,92,m,sca,eda,cs,cerebellum,58.78826667,561.544,2945.4608,3089.24,4706.044267,9253.213333,12238.52213,4709.1904,0,24847.89813,4018.654933,20829.2432,,,
EM148,92,m,sca,eda,cs,cerebellum,130.2169091,557.6061818,3316.103455,3470.327455,5048.582727,9446.720727,12758.34545,4711.176,0,27345.50455,4584.315818,22761.18873,,,
EM67,58,f,wt,eda,cs,cerebellum,0,726.4154839,3395.735742,3662.032516,4919.900903,8926.768,11198.03819,4163.003871,7.659870968,24554.81755,3531.648,21023.16955,,,
EM68,58,f,wt,eda,cs,cerebellum,56.576,577.6033333,2637.448,2863.412,3395.546,4853.692667,7453.797333,3130.493333,0,32828.7,6090.748667,26737.95133,,,
EM119,76,f,wt,eda,cs,cerebellum,168.8015,604.0525,2547.1865,2845.171,4021.8855,8810.199,10463.347,4879.136,0,26312.6,4046.408,22266.192,,,
EM120,76,f,wt,eda,cs,cerebellum,99.93794595,575.7210811,2528.221622,2892.466378,3861.587676,8776.311568,10713.7933,4993.776649,0,32653.12216,5916.584432,26736.53773,,,
EM155,96,f,wt,eda,cs,cerebellum,29.325,589.770375,2919.730875,3205.917375,5647.733625,10502.28338,12559.72538,5096.232375,0,26591.502,4502.13975,22089.36225,,,
EM156,96,f,wt,eda,cs,cerebellum,41.21584615,612.2981538,2688.531692,2948.647385,4961.083846,9292.2,11257.99892,4624.334769,0,25620.18738,4403.473385,21216.714,,,
EM163,121,f,wt,eda,cs,cerebellum,,,,,,,,,,,,,,,
EM164,121,f,wt,eda,cs,cerebellum,,,,,,,,,,,,,,,
EM167,122,f,wt,eda,cs,cerebellum,,,,,,,,,,,,,,,
EM168,122,f,wt,eda,cs,cerebellum,,,,,,,,,,,,,,,
EM91,64,m,sca,ctrl,cs,cerebellum,0,568.8304615,2774.227385,2796.191385,4457.823692,7470.631692,9592.357231,3470.390462,32.85446154,17670.87754,2302.762462,15368.11508,,,
EM92,64,m,sca,ctrl,cs,cerebellum,,,,,,,,,,,,,,1,
EM115,75,m,sca,ctrl,cs,cerebellum,395.11536,816.90576,2507.2824,2755.88496,3580.25712,8355.97056,10837.2552,4760.748,0,26470.68912,3741.8088,22728.88032,,,
EM116,75,m,sca,ctrl,cs,cerebellum,254.3671837,739.4542041,2322.835592,2540.990694,3495.852245,8174.871184,10588.18286,4205.339265,0,28912.12898,4255.073633,24657.05535,,,
EM131,86,m,sca,ctrl,cs,cerebellum,70.08327273,545.7370909,2837.241273,3066.778364,4716.702545,10147.07127,12441.46855,5306.253273,0,31582.47327,5163.712909,26418.76036,,,
EM132,86,m,sca,ctrl,cs,cerebellum,77.48,533.072,2263.144,2544.688,3913.592,8063.056,10100.776,4184.944,0,22821.504,3580.192,19241.312,,,
EM139,88,m,sca,ctrl,cs,cerebellum,305.8007442,1070.440186,5641.06493,5750.209674,9222.498419,14690.52391,18087.46549,6385.133581,0,32020.72242,5461.222326,26559.50009,,1,
EM140,88,m,sca,ctrl,cs,cerebellum,80.82834783,1028.470435,4110.919304,4194.781043,6353.899304,10314.036,13180.36017,4479.414261,0,24340.21565,4519.460348,19820.7553,,1,
EM143,89,m,sca,ctrl,cs,cerebellum,35.40857143,491.1834286,3085.432,3404.497714,5383.453143,10785.004,14063.71143,5729.038857,0,26479.14171,3941.911429,22537.23029,,,
EM144,89,m,sca,ctrl,cs,cerebellum,59.33912195,598.3469268,2734.406049,3004.104,4466.893463,9459.23122,12126.43668,4855.289561,0,30341.3081,5115.225366,25226.08273,,,
