hist_id,slice,side,part ID,structure,area,psa_ncam
6367,1,l,1,CA1 SLM,X,X
6367,1,l,1,CA4 pyr,8821,19.966
6367,1,l,1,DG PL hilus,4087,23.952
6367,1,l,1,DG-ML,9177,25.097
6367,1,p,1,CA1 SLM,X,X
6367,1,p,1,CA4 pyr,16841,16.787
6367,1,p,1,DG PL hilus,13297,18.556
6367,1,p,1,DG-ML,4142,22.54
6367,2,l,1,CA1 SLM,8848,20.482
6367,2,l,1,CA4 pyr,17643,16.278
6367,2,l,1,DG PL hilus,17335,17.941
6367,2,l,1,DG-ML,37153,21.08
6367,2,p,1,CA1 SLM,22552,15.659
6367,2,p,1,CA4 pyr,25539,15.166
6367,2,p,1,DG PL hilus,24120,11.578
6367,2,p,1,DG-ML,110116,14.327
6367,3,l,1,CA1 SLM,18642,15.622
6367,3,l,1,CA4 pyr,18560,12.563
6367,3,l,1,DG PL hilus,30651,13.556
6367,3,l,1,DG-ML,62375,15.843
6367,3,p,1,CA1 SLM,12228,14.449
6367,3,p,1,CA4 pyr,41385,9.161
6367,3,p,1,DG PL hilus,47737,9.572
6367,3,p,1,DG-ML,64019,11.544
6367,4,l,1,CA1 SLM,52142,14.393
6367,4,l,1,CA4 pyr,12144,12.878
6367,4,l,1,DG PL hilus,3601,15.382
6367,4,l,1,DG-ML,77522,15.725
6367,4,p,1,CA1 SLM,18821,12.97
6367,4,p,1,CA4 pyr,18428,11.556
6367,4,p,1,DG PL hilus,29885,12.524
6367,4,p,1,DG-ML,59737,12.628
6367,5,l,1,CA1 SLM,28413,15.386
6367,5,l,1,CA4 pyr,16959,11.284
6367,5,l,1,DG PL hilus,46024,12.548
6367,5,l,1,DG-ML,128342,13.125
6367,5,p,1,CA1 SLM,32284,12.936
6367,5,p,1,CA4 pyr,21577,8.719
6367,5,p,1,DG PL hilus,42975,10.242
6367,5,p,1,DG-ML,119288,10.982
6367,6,l,1,CA1 SLM,15554,11.523
6367,6,l,1,CA4 pyr,15122,10.269
6367,6,l,1,DG PL hilus,32655,11.047
6367,6,l,1,DG-ML,20315,10.62
6367,6,p,1,CA1 SLM,20390,13.388
6367,6,p,1,CA4 pyr,21248,9.838
6367,6,p,1,DG PL hilus,3650,12.059
6367,6,p,1,DG-ML,53950,12.257
6367,7,l,1,CA1 SLM,15323,10.7
6367,7,l,1,CA4 pyr,19870,10.108
6367,7,l,1,DG PL hilus,34726,11.806
6367,7,l,1,DG-ML,48197,10.671
6367,7,p,1,CA1 SLM,3565,8.292
6367,7,p,1,CA4 pyr,31319,8.152
6367,7,p,1,DG PL hilus,37728,10.02
6367,7,p,1,DG-ML,28791,9.524
6367,8,l,1,CA1 SLM,40027,8.68
6367,8,l,1,CA4 pyr,42080,8.87
6367,8,l,1,DG PL hilus,49470,10.914
6367,8,l,1,DG-ML,47220,9.111
6367,8,p,1,CA1 SLM,30734,12.748
6367,8,p,1,CA4 pyr,24125,10.584
6367,8,p,1,DG PL hilus,35446,12.692
6367,8,p,1,DG-ML,100295,11.35
6367,9,l,1,CA1 SLM,28975,9.263
6367,9,l,1,CA4 pyr,23322,10.651
6367,9,l,1,DG PL hilus,33116,12.733
6367,9,l,1,DG-ML,49294,10.523
6367,9,p,1,CA1 SLM,47888,7.968
6367,9,p,1,CA4 pyr,42031,8.243
6367,9,p,1,DG PL hilus,108725,10.706
6367,9,p,1,DG-ML,71962,8.16
6367,10,l,1,CA1 SLM,66025,8.228
6367,10,l,2,CA4 pyr,49271,9.059
6367,10,l,1,DG PL hilus,118180,10.819
6367,10,l,1,DG-ML,89508,9.782
6367,10,p,1,CA1 SLM,22115,9.693
6367,10,p,1,CA4 pyr,43327,9.546
6367,10,p,1,DG PL hilus,43404,10.061
6367,10,p,1,DG-ML,117748,9.31
6367,11,l,1,CA1 SLM,99230,7.292
6367,11,l,1,CA4 pyr,X,X
6367,11,l,1,DG PL hilus,55971,13.582
6367,11,l,1,DG-ML,50040,10.276
6367,11,p,1,CA1 SLM,29715,9.437
6367,11,p,1,CA4 pyr,25907,10.55
6367,11,p,1,DG PL hilus,74065,10.544
6367,11,p,1,DG-ML,31855,9.066
6367,12,l,,CA1 SLM,X,X
6367,12,l,,CA4 pyr,X,X
6367,12,l,,DG PL hilus,X,X
6367,12,l,,DG-ML,X,X
6367,12,p,1,CA1 SLM,43819,9.358
6367,12,p,1,CA4 pyr,33623,11.274
6367,12,p,1,DG PL hilus,84777,11.501
6367,12,p,1,DG-ML,145817,9.801
6367,13,l,1,CA1 SLM,X,X
6367,13,l,1,CA4 pyr,X,X
6367,13,l,1,DG PL hilus,98710,11.803
6367,13,l,1,DG-ML,34824,10.286
6367,13,p,1,CA1 SLM,X,X
6367,13,p,1,CA4 pyr,X,X
6367,13,p,1,DG PL hilus,X,X
6367,13,p,1,DG-ML,X,X
6367,14,l,control,CA1 SLM,21906,11.048
6367,14,l,control,CA4 pyr,9125,8.556
6367,14,l,control,DG PL hilus,48627,8.694
6367,14,l,control,DG-ML,40297,10.806
6367,14,p,control,CA1 SLM,30641,14.473
6367,14,p,control,CA4 pyr,11542,10.617
6367,14,p,control,DG PL hilus,33149,11.866
6367,14,p,control,DG-ML,87040,13.152
6368,1,l,1,CA1 SLM,X,X
6368,1,l,1,CA4 pyr,X,X
6368,1,l,1,DG PL hilus,X,X
6368,1,l,1,DG-ML,X,X
6368,1,p,1,CA1 SLM,X,X
6368,1,p,1,CA4 pyr,X,X
6368,1,p,1,DG PL hilus,X,X
6368,1,p,1,DG-ML,10872,18.85
6368,2,l,1,CA1 SLM,9369,19.026
6368,2,l,1,CA4 pyr,33422,16.373
6368,2,l,1,DG PL hilus,16315,19.649
6368,2,l,1,DG-ML,26429,19.108
6368,2,p,1,CA1 SLM,19310,19.624
6368,2,p,1,CA4 pyr,26205,17.137
6368,2,p,1,DG PL hilus,21825,19.552
6368,2,p,1,DG-ML,74466,20.548
6368,3,l,1,CA1 SLM,15136,17.593
6368,3,l,1,CA4 pyr,24325,15.404
6368,3,l,1,DG PL hilus,48548,17.393
6368,3,l,1,DG-ML,54829,18.418
6368,3,p,1,CA1 SLM,16472,21.35
6368,3,p,2,CA4 pyr,47441,14.51
6368,3,p,1,DG PL hilus,40088,20.156
6368,3,p,1,DG-ML,95632,19.876
6368,4,l,1,CA1 SLM,11353,19.809
6368,4,l,1,CA4 pyr,25448,15.294
6368,4,l,2,DG PL hilus,51203,18.621
6368,4,l,2,DG-ML,57627,20.103
6368,4,p,1,CA1 SLM,17421,20.788
6368,4,p,2,CA4 pyr,27932,12.195
6368,4,p,1,DG PL hilus,42422,15.864
6368,4,p,1,DG-ML,105824,17.9
6368,5,l,2,CA1 SLM,23994,17.036
6368,5,l,2,CA4 pyr,20906,13.523
6368,5,l,2,DG PL hilus,38536,13.536
6368,5,l,2,DG-ML,71656,15.653
6368,5,p,1,CA1 SLM,6143,18.67
6368,5,p,2,CA4 pyr,19145,13.765
6368,5,p,1,DG PL hilus,33254,14.751
6368,5,p,1,DG-ML,97747,15.918
6368,6,l,1,CA1 SLM,22861,19.147
6368,6,l,2,CA4 pyr,43776,13.068
6368,6,l,1,DG PL hilus,39899,16.767
6368,6,l,1,DG-ML,34331,16.219
6368,6,p,2,CA1 SLM,12464,16.434
6368,6,p,2,CA4 pyr,17344,14.622
6368,6,p,2,DG PL hilus,39781,15.468
6368,6,p,2,DG-ML,142474,14.824
6368,7,l,2,CA1 SLM,51763,26.727
6368,7,l,2,CA4 pyr,12545,21.385
6368,7,l,2,DG PL hilus,39676,22.933
6368,7,l,2,DG-ML,83818,24.106
6368,7,p,2,CA1 SLM,24856,17.652
6368,7,p,2,CA4 pyr,30017,14.294
6368,7,p,1,DG PL hilus,44593,14.553
6368,7,p,2,DG-ML,98018,16.058
6368,8,l,1,CA1 SLM,13459,17.024
6368,8,l,1,CA4 pyr,26448,15.834
6368,8,l,1,DG PL hilus,32115,17.93
6368,8,l,1,DG-ML,181714,15.597
6368,8,p,1,CA1 SLM,26628,14.886
6368,8,p,2,CA4 pyr,31181,14.164
6368,8,p,1,DG PL hilus,56892,17.338
6368,8,p,1,DG-ML,173899,15.915
6368,9,l,1,CA1 SLM,20634,14.189
6368,9,l,1,CA4 pyr,18850,14.305
6368,9,l,1,DG PL hilus,53576,15.486
6368,9,l,1,DG-ML,185500,14.759
6368,9,p,1,CA1 SLM,55235,14.751
6368,9,p,1,CA4 pyr,35646,16.085
6368,9,p,1,DG PL hilus,69573,17.842
6368,9,p,1,DG-ML,105686,14.065
6368,10,l,1,CA1 SLM,20005,14.68
6368,10,l,2,CA4 pyr,45547,14.274
6368,10,l,1,DG PL hilus,68799,16.16
6368,10,l,1,DG-ML,182007,14.425
6368,10,p,1,CA1 SLM,43309,12.94
6368,10,p,1,CA4 pyr,X,X
6368,10,p,1,DG PL hilus,29987,19.852
6368,10,p,1,DG-ML,153296,14.519
6368,11,l,1,CA1 SLM,38802,14.722
6368,11,l,1,CA4 pyr,X,X
6368,11,l,1,DG PL hilus,93677,17.334
6368,11,l,1,DG-ML,79852,15.49
6368,11,p,1,CA1 SLM,18566,15.706
6368,11,p,,CA4 pyr,X,X
6368,11,p,,DG PL hilus,X,X
6368,11,p,,DG-ML,X,X
6368,14 - control,l,1,CA1 SLM,49204,12.954
6368,14 - control,l,1,CA4 pyr,17780,12.033
6368,14 - control,l,1,DG PL hilus,25527,11.479
6368,14 - control,l,1,DG-ML,72655,12.774
6368,14 - control,p,1,CA1 SLM,44114,15.944
6368,14 - control,p,1,CA4 pyr,29172,16.013
6368,14 - control,p,1,DG PL hilus,21749,13.907
6368,14 - control,p,1,DG-ML,79249,16.205
6370,1,l,,CA1 SLM,X,X
6370,1,l,,CA4 pyr,X,X
6370,1,l,,DG PL hilus,X,X
6370,1,l,1,DG-ML,22952,23.358
6370,1,p,,CA1 SLM,X,X
6370,1,p,1,CA4 pyr,17600,14.117
6370,1,p,1,DG PL hilus,9865,16.338
6370,1,p,1,DG-ML,45434,18.408
6370,2,l,1,CA1 SLM,15979,15.678
6370,2,l,1,CA4 pyr,23974,13.067
6370,2,l,1,DG PL hilus,27890,14.836
6370,2,l,1,DG-ML,56193,16.93
6370,2,p,1,CA1 SLM,11113,14.811
6370,2,p,1,CA4 pyr,21403,13.187
6370,2,p,1,DG PL hilus,31975,11.984
6370,2,p,1,DG-ML,22176,14.372
6370,3,l,1,CA1 SLM,14808,15.018
6370,3,l,1,CA4 pyr,15369,11.959
6370,3,l,1,DG PL hilus,44300,11.969
6370,3,l,1,DG-ML,41284,14.366
6370,3,p,1,CA1 SLM,14387,14.196
6370,3,p,1,CA4 pyr,21590,11.96
6370,3,p,1,DG PL hilus,35087,12.787
6370,3,p,1,DG-ML,22501,14.456
6370,4,l,1,CA1 SLM,69263,9.954
6370,4,l,1,CA4 pyr,24647,9.636
6370,4,l,1,DG PL hilus,26259,14.025
6370,4,l,1,DG-ML,67065,11.436
6370,4,p,1,CA1 SLM,10990,10.635
6370,4,p,1,CA4 pyr,15050,12.281
6370,4,p,1,DG PL hilus,32181,11.874
6370,4,p,1,DG-ML,23156,11.008
6370,5,l,1,CA1 SLM,37195,11.664
6370,5,l,1,CA4 pyr,25794,10.691
6370,5,l,1,DG PL hilus,35633,10.915
6370,5,l,1,DG-ML,32535,12.066
6370,5,p,1,CA1 SLM,11348,10.337
6370,5,p,1,CA4 pyr,16520,10.818
6370,5,p,1,DG PL hilus,33039,13.599
6370,5,p,1,DG-ML,21506,12.378
6370,6,l,,CA1 SLM,18670,12.558
6370,6,l,,CA4 pyr,8720,9.099
6370,6,l,,DG PL hilus,22845,13.571
6370,6,l,,DG-ML,25905,12.798
6370,6,p,,CA1 SLM,20982,10.405
6370,6,p,,CA4 pyr,16851,10.868
6370,6,p,,DG PL hilus,31547,10.959
6370,6,p,,DG-ML,24489,11.658
6370,7,l,,CA1 SLM,12727,11.071
6370,7,l,,CA4 pyr,11364,10.072
6370,7,l,,DG PL hilus,27028,10.54
6370,7,l,,DG-ML,32206,11.012
6370,7,p,,CA1 SLM,25116,12.129
6370,7,p,,CA4 pyr,15876,9.343
6370,7,p,,DG PL hilus,32427,11.967
6370,7,p,,DG-ML,43991,11.852
6370,8,l,,CA1 SLM,22408,9.787
6370,8,l,,CA4 pyr,13210,9.622
6370,8,l,,DG PL hilus,28981,12.125
6370,8,l,,DG-ML,44578,11.205
6370,8,p,,CA1 SLM,23690,9.216
6370,8,p,,CA4 pyr,25178,9.922
6370,8,p,,DG PL hilus,43705,11.767
6370,8,p,,DG-ML,36460,10.959
6370,9,l,,CA1 SLM,24537,9.902
6370,9,l,,CA4 pyr,24962,9.015
6370,9,l,,DG PL hilus,62906,11.794
6370,9,l,,DG-ML,49639,10.381
6370,9,p,,CA1 SLM,25129,8.999
6370,9,p,,CA4 pyr,18460,10.914
6370,9,p,,DG PL hilus,72328,11.57
6370,9,p,,DG-ML,44453,10.318
6370,10,l,,CA1 SLM,40900,9.149
6370,10,l,,CA4 pyr,28986,11.169
6370,10,l,,DG PL hilus,35353,10.217
6370,10,l,,DG-ML,42522,10.297
6370,10,p,,CA1 SLM,41343,8.099
6370,10,p,,CA4 pyr,18585,10.239
6370,10,p,,DG PL hilus,77716,12.664
6370,10,p,,DG-ML,27504,10.163
6370,11,l,,CA1 SLM,X,X
6370,11,l,,CA4 pyr,X,X
6370,11,l,,DG PL hilus,21449,12.766
6370,11,l,,DG-ML,29933,9.574
6370,11,p,,CA1 SLM,22854,8.959
6370,11,p,,CA4 pyr,X,X
6370,11,p,,DG PL hilus,55473,12.499
6370,11,p,,DG-ML,39838,10.55
6370,12 - control,l,,CA1 SLM,36672,10.793
6370,12 - control,l,,CA4 pyr,11031,9.989
6370,12 - control,l,,DG PL hilus,25639,12.555
6370,12 - control,l,,DG-ML,28379,13.143
6370,12 - control,p,,CA1 SLM,19956,11.779
6370,12 - control,p,,CA4 pyr,17667,11.774
6370,12 - control,p,,DG PL hilus,26136,11.077
6370,12 - control,p,,DG-ML,70156,12.26
6372,1,l,,CA1 SLM,X,X
6372,1,l,,CA4 pyr,26690,20.288
6372,1,l,,DG PL hilus,8492,24.816
6372,1,l,,DG-ML,5000,25.511
6372,1,p,,CA1 SLM,X,X
6372,1,p,,CA4 pyr,21207,20.534
6372,1,p,,DG PL hilus,7316,23.176
6372,1,p,,DG-ML,16523,34.074
6372,2,l,,CA1 SLM,9222,17.756
6372,2,l,,CA4 pyr,28256,16.768
6372,2,l,,DG PL hilus,1954,17.922
6372,2,l,,DG-ML,16925,17.536
6372,2,p,,CA1 SLM,14965,19.603
6372,2,p,,CA4 pyr,26284,20.402
6372,2,p,,DG PL hilus,19848,22.914
6372,2,p,,DG-ML,21096,20.48
6372,3,l,,CA1 SLM,9062,19.53
6372,3,l,,CA4 pyr,22066,19.3
6372,3,l,,DG PL hilus,37688,21.163
6372,3,l,,DG-ML,82808,18.05
6372,3,p,,CA1 SLM,10916,19.569
6372,3,p,,CA4 pyr,27625,16.099
6372,3,p,,DG PL hilus,40260,19.188
6372,3,p,,DG-ML,30180,19.118
6372,4,l,,CA1 SLM,14069,17.798
6372,4,l,,CA4 pyr,22005,15.537
6372,4,l,,DG PL hilus,31369,15.218
6372,4,l,,DG-ML,32601,16.178
6372,4,p,2,CA1 SLM,13744,19.112
6372,4,p,2,CA4 pyr,22643,18.356
6372,4,p,2,DG PL hilus,47665,19.805
6372,4,p,2,DG-ML,23314,18.491
6372,5,l,2,CA1 SLM,12386,17.511
6372,5,l,2,CA4 pyr,11531,14.484
6372,5,l,2,DG PL hilus,29155,14.99
6372,5,l,2,DG-ML,24594,13.819
6372,5,p,,CA1 SLM,X,X
6372,5,p,,CA4 pyr,X,X
6372,5,p,,DG PL hilus,X,X
6372,5,p,,DG-ML,X,X
6372,6,l,1,CA1 SLM,20853,15.731
6372,6,l,1,CA4 pyr,18256,12.913
6372,6,l,1,DG PL hilus,31900,16.921
6372,6,l,1,DG-ML,31268,15.838
6372,6,p,,CA1 SLM,24773,14.587
6372,6,p,,CA4 pyr,24338,13.135
6372,6,p,,DG PL hilus,36603,16.244
6372,6,p,,DG-ML,35778,13.736
6372,7,l,,CA1 SLM,24335,17.036
6372,7,l,,CA4 pyr,19059,15.519
6372,7,l,,DG PL hilus,32027,19.164
6372,7,l,,DG-ML,47782,18.273
6372,7,p,,CA1 SLM,12759,17.624
6372,7,p,,CA4 pyr,20008,13.612
6372,7,p,,DG PL hilus,37444,17.613
6372,7,p,,DG-ML,42474,14.561
6372,8,l,3,CA1 SLM,16632,17.395
6372,8,l,3,CA4 pyr,26730,15.462
6372,8,l,3,DG PL hilus,51766,17.776
6372,8,l,3,DG-ML,22540,17.38
6372,8,p,2,CA1 SLM,21276,15.928
6372,8,p,2,CA4 pyr,20446,14.479
6372,8,p,2,DG PL hilus,34435,20.237
6372,8,p,2,DG-ML,47420,19.396
6372,9,l,2,CA1 SLM,9703,18.803
6372,9,l,2,CA4 pyr,28192,15.387
6372,9,l,2,DG PL hilus,74182,15.761
6372,9,l,2,DG-ML,59497,17.685
6372,9,p,2,CA1 SLM,22029,15.557
6372,9,p,2,CA4 pyr,28376,16.803
6372,9,p,2,DG PL hilus,72582,17.635
6372,9,p,2,DG-ML,31107,16.153
6372,10,l,1,CA1 SLM,13108,14.51
6372,10,l,,CA4 pyr,X,X
6372,10,l,2,DG PL hilus,70307,15.413
6372,10,l,1,DG-ML,30990,16.277
6372,10,p,1,CA1 SLM,19206,14.7
6372,10,p,,CA4 pyr,X,X
6372,10,p,1,DG PL hilus,94731,18.011
6372,10,p,1,DG-ML,20799,15.576
6372,14 - control,l,,CA1 SLM,14507,15.264
6372,14 - control,l,,CA4 pyr,6367,15.822
6372,14 - control,l,,DG PL hilus,12786,15.341
6372,14 - control,l,,DG-ML,16008,16.212
6372,14 - control,p,,CA1 SLM,10135,18.062
6372,14 - control,p,,CA4 pyr,10598,16.965
6372,14 - control,p,,DG PL hilus,4281,19.277
6372,14 - control,p,,DG-ML,13004,16.687
6376,1,l,,CA1 SLM,X,X
6376,1,l,,CA4 pyr,X,X
6376,1,l,,DG PL hilus,X,X
6376,1,l,,DG-ML,X,X
6376,1,p,,CA1 SLM,X,X
6376,1,p,,CA4 pyr,X,X
6376,1,p,,DG PL hilus,X,X
6376,1,p,,DG-ML,X,X
6376,2,l,,CA1 SLM,9069,11.574
6376,2,l,,CA4 pyr,22715,10.897
6376,2,l,,DG PL hilus,17453,12.032
6376,2,l,,DG-ML,28691,12.605
6376,2,p,,CA1 SLM,23006,12.266
6376,2,p,,CA4 pyr,19653,12.531
6376,2,p,,DG PL hilus,9548,11.181
6376,2,p,,DG-ML,27290,11.945
6376,3,l,,CA1 SLM,8.494,10.63
6376,3,l,,CA4 pyr,2051,8.487
6376,3,l,,DG PL hilus,43689,10.709
6376,3,l,,DG-ML,42387,11.015
6376,3,p,,CA1 SLM,14753,10.323
6376,3,p,,CA4 pyr,10766,11.013
6376,3,p,,DG PL hilus,17732,9.422
6376,3,p,,DG-ML,14551,10.375
6376,4,l,,CA1 SLM,14122,9.658
6376,4,l,,CA4 pyr,14488,7.845
6376,4,l,,DG PL hilus,29558,9.841
6376,4,l,,DG-ML,26488,10.169
6376,4,p,,CA1 SLM,22256,10.575
6376,4,p,,CA4 pyr,1139,8.977
6376,4,p,,DG PL hilus,40474,8.887
6376,4,p,,DG-ML,27330,9.284
6376,5,l,,CA1 SLM,17647,11.803
6376,5,l,,CA4 pyr,12461,8.666
6376,5,l,,DG PL hilus,37256,11.144
6376,5,l,,DG-ML,19895,10.119
6376,5,p,,CA1 SLM,18082,7.648
6376,5,p,,CA4 pyr,10568,8.709
6376,5,p,,DG PL hilus,32328,8.362
6376,5,p,,DG-ML,27914,8.025
6376,6,l,,CA1 SLM,24480,9.614
6376,6,l,,CA4 pyr,15100,7.783
6376,6,l,,DG PL hilus,16748,10.222
6376,6,l,,DG-ML,17602,8.214
6376,6,p,,CA1 SLM,25345,9.523
6376,6,p,,CA4 pyr,10798,8.1
6376,6,p,,DG PL hilus,27784,9.622
6376,6,p,,DG-ML,22344,7.713
6376,7,l,,CA1 SLM,20278,10.82
6376,7,l,,CA4 pyr,11859,8.884
6376,7,l,,DG PL hilus,19199,10.045
6376,7,l,,DG-ML,34620,8.551
6376,7,p,,CA1 SLM,26804,8.378
6376,7,p,,CA4 pyr,23660,9.041
6376,7,p,,DG PL hilus,24917,11.421
6376,7,p,,DG-ML,25993,8.769
6376,8,l,,CA1 SLM,7155,7.523
6376,8,l,,CA4 pyr,35112,8.841
6376,8,l,,DG PL hilus,28490,11.515
6376,8,l,,DG-ML,11022,8.546
6376,8,p,,CA1 SLM,20772,9.528
6376,8,p,,CA4 pyr,12427,7.741
6376,8,p,,DG PL hilus,27045,10.432
6376,8,p,,DG-ML,16725,10.472
6376,9,l,,CA1 SLM,17684,7.184
6376,9,l,,CA4 pyr,20049,8.354
6376,9,l,,DG PL hilus,15083,10.609
6376,9,l,,DG-ML,34058,8.579
6376,9,p,,CA1 SLM,17161,7.012
6376,9,p,,CA4 pyr,15070,7.523
6376,9,p,,DG PL hilus,45143,11.916
6376,9,p,,DG-ML,24856,8.014
6376,10,l,,CA1 SLM,15966,5.536
6376,10,l,,CA4 pyr,14500,8.069
6376,10,l,,DG PL hilus,48499,10.177
6376,10,l,,DG-ML,47780,6.497
6376,10,p,,CA1 SLM,21604,7.267
6376,10,p,,CA4 pyr,X,X
6376,10,p,,DG PL hilus,24579,13.486
6376,10,p,,DG-ML,21246,10.189
6376,11,l,,CA1 SLM,X,X
6376,11,l,,CA4 pyr,X,X
6376,11,l,,DG PL hilus,X,X
6376,11,l,,DG-ML,X,X
6376,11,p,,CA1 SLM,X,X
6376,11,p,,CA4 pyr,X,X
6376,11,p,,DG PL hilus,75900,11.516
6376,11,p,,DG-ML,13858,8.512
6376,12 - control,l,,CA1 SLM,13759,8.905
6376,12 - control,l,,CA4 pyr,6993,8.248
6376,12 - control,l,,DG PL hilus,28052,8.951
6376,12 - control,l,,DG-ML,18475,8
6376,12 - control,p,,CA1 SLM,25898,8.573
6376,12 - control,p,,CA4 pyr,11417,7.963
6376,12 - control,p,,DG PL hilus,21346,8.184
6376,12 - control,p,,DG-ML,19305,7.952
6377,1,l,,CA1 SLM,X,X
6377,1,l,,CA4 pyr,X,X
6377,1,l,,DG PL hilus,X,X
6377,1,l,,DG-ML,7931,21.698
6377,1,p,,CA1 SLM,X,X
6377,1,p,,CA4 pyr,X,X
6377,1,p,,DG PL hilus,X,X
6377,1,p,,DG-ML,15839,24.776
6377,2,l,1,CA1 SLM,10169,13.527
6377,2,l,1,CA4 pyr,12908,12.762
6377,2,l,1,DG PL hilus,16210,17.666
6377,2,l,1,DG-ML,31036,15.458
6377,2,p,,CA1 SLM,6481,14.791
6377,2,p,,CA4 pyr,16489,14.339
6377,2,p,,DG PL hilus,7745,18.387
6377,2,p,,DG-ML,14205,16.408
6377,3,l,,CA1 SLM,7639,14.844
6377,3,l,,CA4 pyr,27941,8.879
6377,3,l,,DG PL hilus,18185,14.574
6377,3,l,,DG-ML,18099,14.085
6377,3,p,,CA1 SLM,3489,14.962
6377,3,p,,CA4 pyr,9455,12.1
6377,3,p,,DG PL hilus,12243,16.569
6377,3,p,,DG-ML,10929,13.29
6377,4,l,,CA1 SLM,X,X
6377,4,l,,CA4 pyr,X,X
6377,4,l,,DG PL hilus,X,X
6377,4,l,,DG-ML,X,X
6377,4,p,,CA1 SLM,5677,18.277
6377,4,p,,CA4 pyr,7990,13.173
6377,4,p,,DG PL hilus,5846,15.96
6377,4,p,,DG-ML,6960,16.774
6377,5,l,2,CA1 SLM,7941,12.353
6377,5,l,2,CA4 pyr,10069,9.841
6377,5,l,2,DG PL hilus,13107,9.456
6377,5,l,2,DG-ML,16593,9.996
6377,5,p,,CA1 SLM,18229,9.397
6377,5,p,,CA4 pyr,9524,8.768
6377,5,p,,DG PL hilus,20351,11.332
6377,5,p,,DG-ML,19990,10.824
6377,6,l,,CA1 SLM,8217,12.063
6377,6,l,,CA4 pyr,20423,8.803
6377,6,l,1,DG PL hilus,25183,11.828
6377,6,l,,DG-ML,17634,11.382
6377,6,p,1,CA1 SLM,12287,10.775
6377,6,p,2,CA4 pyr,8398,9.24
6377,6,p,1,DG PL hilus,14728,12.505
6377,6,p,1,DG-ML,30307,8.714
6377,7,l,,CA1 SLM,9202,13.378
6377,7,l,,CA4 pyr,6723,9.545
6377,7,l,,DG PL hilus,22564,10.472
6377,7,l,,DG-ML,19847,11.331
6377,7,p,,CA1 SLM,14675,12.75
6377,7,p,,CA4 pyr,21132,11.222
6377,7,p,,DG PL hilus,26106,11.179
6377,7,p,,DG-ML,24878,11.768
6377,8,l,,CA1 SLM,14633,13.47
6377,8,l,,CA4 pyr,11703,12.113
6377,8,l,,DG PL hilus,41368,12.462
6377,8,l,,DG-ML,22201,13.894
6377,8,p,,CA1 SLM,15804,14.176
6377,8,p,,CA4 pyr,10377,11.732
6377,8,p,,DG PL hilus,21538,13.039
6377,8,p,,DG-ML,16956,12.754
6377,9,l,,CA1 SLM,9995,14.106
6377,9,l,,CA4 pyr,X,X
6377,9,l,,DG PL hilus,26241,12.455
6377,9,l,,DG-ML,7532,13.553
6377,9,p,,CA1 SLM,41668,12.434
6377,9,p,,CA4 pyr,12871,11.905
6377,9,p,,DG PL hilus,55751,14.928
6377,9,p,,DG-ML,17895,12.776
6377,10,l,,CA1 SLM,21633,14.493
6377,10,l,,CA4 pyr,9207,12.176
6377,10,l,,DG PL hilus,429567,11.939
6377,10,l,,DG-ML,16106,12.693
6377,10,p,,CA1 SLM,5185,12.295
6377,10,p,,CA4 pyr,X,X
6377,10,p,,DG PL hilus,X,X
6377,10,p,,DG-ML,14336,11.728
6377,11,l,,CA1 SLM,X,X
6377,11,l,,CA4 pyr,X,X
6377,11,l,,DG PL hilus,X,X
6377,11,l,,DG-ML,X,X
6377,11,p,,CA1 SLM,10535,13.453
6377,11,p,,CA4 pyr,8025,12.266
6377,11,p,,DG PL hilus,34666,13.383
6377,11,p,,DG-ML,16957,11.345
6377,12,l,,CA1 SLM,X,X
6377,12,l,,CA4 pyr,X,X
6377,12,l,,DG PL hilus,X,X
6377,12,l,,DG-ML,X,X
6377,12,p,,CA1 SLM,9234,12.113
6377,12,p,,CA4 pyr,11290,12.721
6377,12,p,,DG PL hilus,27917,12.633
6377,12,p,,DG-ML,17701,12.559
6377,16 - control,l,,CA1 SLM,10659,11.069
6377,16 - control,l,,CA4 pyr,1995,9.199
6377,16 - control,l,,DG PL hilus,6409,10.649
6377,16 - control,l,,DG-ML,19563,10.832
6377,16 - control,p,,CA1 SLM,11063,13.643
6377,16 - control,p,,CA4 pyr,7819,10.47
6377,16 - control,p,,DG PL hilus,4854,12.385
6377,16 - control,p,,DG-ML,7892,13.24
6378,1,l,,CA1 SLM,X,X
6378,1,l,,CA4 pyr,X,X
6378,1,l,,DG PL hilus,X,X
6378,1,l,,DG-ML,21518,24.761
6378,1,p,,CA1 SLM,,
6378,1,p,,CA4 pyr,,
6378,1,p,,DG PL hilus,2311,20.691
6378,1,p,,DG-ML,15102,23.683
6378,2,l,,CA1 SLM,X,X
6378,2,l,,CA4 pyr,5156,16.41
6378,2,l,,DG PL hilus,2673,18.208
6378,2,l,,DG-ML,X,X
6378,2,p,,CA1 SLM,X,X
6378,2,p,,CA4 pyr,X,X
6378,2,p,,DG PL hilus,X,X
6378,2,p,,DG-ML,X,X
6378,3,l,,CA1 SLM,9916,15.007
6378,3,l,,CA4 pyr,12299,13.215
6378,3,l,,DG PL hilus,26973,14.627
6378,3,l,,DG-ML,26671,14.494
6378,3,p,,CA1 SLM,15986,14.706
6378,3,p,,CA4 pyr,15374,10.977
6378,3,p,,DG PL hilus,32957,14.628
6378,3,p,,DG-ML,21302,14.613
6378,4,l,,CA1 SLM,13420,11.358
6378,4,l,,CA4 pyr,12508,11.138
6378,4,l,,DG PL hilus,37860,11.779
6378,4,l,,DG-ML,19534,11.677
6378,4,p,,CA1 SLM,8664,16.078
6378,4,p,,CA4 pyr,12903,8.666
6378,4,p,,DG PL hilus,26055,12.248
6378,4,p,,DG-ML,27914,13.103
6378,5,l,,CA1 SLM,10518,12.655
6378,5,l,,CA4 pyr,11033,9.318
6378,5,l,,DG PL hilus,38096,10.097
6378,5,l,,DG-ML,66681,10.553
6378,5,p,,CA1 SLM,27939,13.391
6378,5,p,,CA4 pyr,15859,11.61
6378,5,p,,DG PL hilus,25200,11.879
6378,5,p,,DG-ML,30926,12.605
6378,6,l,,CA1 SLM,12064,14.056
6378,6,l,,CA4 pyr,9656,12.135
6378,6,l,,DG PL hilus,30140,11.893
6378,6,l,,DG-ML,28598,12.247
6378,6,p,,CA1 SLM,15282,12.697
6378,6,p,,CA4 pyr,6029,9.103
6378,6,p,,DG PL hilus,32279,10.931
6378,6,p,,DG-ML,32827,11.814
6378,7,l,,CA1 SLM,14908,14.839
6378,7,l,,CA4 pyr,9368,12.327
6378,7,l,,DG PL hilus,19629,12.666
6378,7,l,,DG-ML,24291,13.241
6378,7,p,,CA1 SLM,20008,14.181
6378,7,p,,CA4 pyr,9283,10.754
6378,7,p,,DG PL hilus,23662,12.653
6378,7,p,,DG-ML,22823,11.057
6378,8,l,,CA1 SLM,9703,13.554
6378,8,l,,CA4 pyr,14834,9.803
6378,8,l,,DG PL hilus,17398,10.454
6378,8,l,,DG-ML,16851,11.165
6378,8,p,,CA1 SLM,8978,13.93
6378,8,p,,CA4 pyr,18017,11.972
6378,8,p,,DG PL hilus,31720,12.694
6378,8,p,,DG-ML,14901,12.089
6378,9,l,,CA1 SLM,12210,13.782
6378,9,l,,CA4 pyr,16455,11.718
6378,9,l,,DG PL hilus,44250,14.39
6378,9,l,,DG-ML,14592,12.887
6378,9,p,,CA1 SLM,11870,11.556
6378,9,p,,CA4 pyr,17077,9.974
6378,9,p,,DG PL hilus,9337,13.378
6378,9,p,,DG-ML,20917,10.826
6378,10,l,,CA1 SLM,17511,13.14
6378,10,l,,CA4 pyr,9123,13.213
6378,10,l,,DG PL hilus,14642,14.338
6378,10,l,,DG-ML,32609,14.91
6378,10,p,,CA1 SLM,18313,12.424
6378,10,p,,CA4 pyr,19425,11.303
6378,10,p,,DG PL hilus,44053,12.548
6378,10,p,,DG-ML,26549,11.333
6378,11,l,,CA1 SLM,15163,12.651
6378,11,l,,CA4 pyr,X,X
6378,11,l,,DG PL hilus,62501,13.856
6378,11,l,,DG-ML,18443,13.541
6378,11,p,,CA1 SLM,11424,11.217
6378,11,p,,CA4 pyr,X,X
6378,11,p,,DG PL hilus,X,X
6378,11,p,,DG-ML,24463,12.249
6378,16 - control,l,,CA1 SLM,10572,11.909
6378,16 - control,l,,CA4 pyr,10046,10.333
6378,16 - control,l,,DG PL hilus,20272,9.563
6378,16 - control,l,,DG-ML,19404,10.545
6378,16 - control,p,,CA1 SLM,10449,10.173
6378,16 - control,p,,CA4 pyr,12560,10.199
6378,16 - control,p,,DG PL hilus,18539,8.894
6378,16 - control,p,,DG-ML,9195,10.291
6380,1,l,,CA1 SLM,X,X
6380,1,l,,CA4 pyr,X,X
6380,1,l,,DG PL hilus,X,X
6380,1,l,,DG-ML,X,X
6380,1,p,,CA1 SLM,X,X
6380,1,p,,CA4 pyr,X,X
6380,1,p,,DG PL hilus,X,X
6380,1,p,,DG-ML,14463,19.206
6380,2,l,,CA1 SLM,8130,14.579
6380,2,l,,CA4 pyr,6650,13.016
6380,2,l,,DG PL hilus,12206,13.816
6380,2,l,,DG-ML,15601,14.12
6380,2,p,,CA1 SLM,8934,15.103
6380,2,p,,CA4 pyr,7037,13.964
6380,2,p,,DG PL hilus,7114,14.784
6380,2,p,,DG-ML,9755,14.893
6380,3,l,,CA1 SLM,8404,14.743
6380,3,l,,CA4 pyr,10011,13.619
6380,3,l,,DG PL hilus,17460,14.326
6380,3,l,,DG-ML,10894,15.013
6380,3,p,,CA1 SLM,14274,13.23
6380,3,p,,CA4 pyr,13544,11.577
6380,3,p,,DG PL hilus,19617,12.571
6380,3,p,,DG-ML,15377,13.987
6380,4,l,,CA1 SLM,13528,11.229
6380,4,l,,CA4 pyr,9361,9.871
6380,4,l,,DG PL hilus,20121,11.982
6380,4,l,,DG-ML,14717,9.566
6380,4,p,,CA1 SLM,11634,11.809
6380,4,p,,CA4 pyr,15957,9.132
6380,4,p,,DG PL hilus,15296,11.512
6380,4,p,,DG-ML,9013,11.45
6380,5,l,,CA1 SLM,14451,11.386
6380,5,l,,CA4 pyr,11226,9.519
6380,5,l,,DG PL hilus,18296,13.023
6380,5,l,,DG-ML,29276,10.143
6380,5,p,,CA1 SLM,242366,10.657
6380,5,p,,CA4 pyr,12009,9.017
6380,5,p,,DG PL hilus,29219,11.82
6380,5,p,,DG-ML,17242,10.43
6380,6,l,,CA1 SLM,12626,8.826
6380,6,l,,CA4 pyr,8494,8.018
6380,6,l,,DG PL hilus,11164,11.331
6380,6,l,,DG-ML,19856,8.9
6380,6,p,,CA1 SLM,10187,11.078
6380,6,p,,CA4 pyr,9481,8.54
6380,6,p,,DG PL hilus,11268,10.74
6380,6,p,,DG-ML,16448,10.771
6380,7,l,,CA1 SLM,10585,7.88
6380,7,l,,CA4 pyr,11624,8.047
6380,7,l,,DG PL hilus,16935,10.597
6380,7,l,,DG-ML,26188,9.038
6380,7,p,,CA1 SLM,13280,9.786
6380,7,p,,CA4 pyr,9590,8.128
6380,7,p,,DG PL hilus,10830,11.002
6380,7,p,,DG-ML,19651,10.617
6380,8,l,,CA1 SLM,22397,7.961
6380,8,l,,CA4 pyr,16156,8.843
6380,8,l,,DG PL hilus,57978,10.344
6380,8,l,,DG-ML,28452,8.277
6380,8,p,,CA1 SLM,16804,9.277
6380,8,p,,CA4 pyr,19833,7.819
6380,8,p,,DG PL hilus,27429,9.837
6380,8,p,,DG-ML,27404,8.768
6380,9,l,,CA1 SLM,2278,9.308
6380,9,l,,CA4 pyr,10180,8.548
6380,9,l,,DG PL hilus,67500,12.857
6380,9,l,,DG-ML,14932,11.311
6380,9,p,,CA1 SLM,17481,8.862
6380,9,p,,CA4 pyr,28376,9.587
6380,9,p,,DG PL hilus,28177,10.585
6380,9,p,,DG-ML,20317,8.875
6380,10,l,,CA1 SLM,25478,8.75
6380,10,l,,CA4 pyr,18431,8.111
6380,10,l,,DG PL hilus,37647,10.42
6380,10,l,,DG-ML,28502,9.338
6380,10,p,,CA1 SLM,X,X
6380,10,p,,CA4 pyr,X,X
6380,10,p,,DG PL hilus,26679,8.99
6380,10,p,,DG-ML,23980,7.763
6380,11,l,,CA1 SLM,X,X
6380,11,l,,CA4 pyr,X,X
6380,11,l,,DG PL hilus,X,X
6380,11,l,,DG-ML,X,X
6380,11,p,,CA1 SLM,39763,6.763
6380,11,p,,CA4 pyr,14749,9.922
6380,11,p,,DG PL hilus,51905,11.855
6380,11,p,,DG-ML,26983,9.726
6380,12,l,,CA1 SLM,X,X
6380,12,l,,CA4 pyr,X,X
6380,12,l,,DG PL hilus,25955,10.756
6380,12,l,,DG-ML,X,X
6380,12,p,,CA1 SLM,X,X
6380,12,p,,CA4 pyr,X,X
6380,12,p,,DG PL hilus,X,X
6380,12,p,,DG-ML,X,X
6380,13 - control,l,,CA1 SLM,13704,10.955
6380,13 - control,l,,CA4 pyr,8271,6.987
6380,13 - control,l,,DG PL hilus,13501,9.883
6380,13 - control,l,,DG-ML,23071,8.918
6380,13 - control,p,,CA1 SLM,17976,9.769
6380,13 - control,p,,CA4 pyr,10477,8.693
6380,13 - control,p,,DG PL hilus,21489,9.654
6380,13 - control,p,,DG-ML,17352,11.202
6401,1,l,,CA1 SLM,X,X
6401,1,l,,CA4 pyr,X,X
6401,1,l,,DG PL hilus,4766,20.984
6401,1,l,,DG-ML,19017,26.097
6401,1,p,,CA1 SLM,X,X
6401,1,p,,CA4 pyr,X,X
6401,1,p,,DG PL hilus,X,X
6401,1,p,,DG-ML,10185,31.555
6401,2,l,,CA1 SLM,4382,17.137
6401,2,l,,CA4 pyr,12660,16.433
6401,2,l,,DG PL hilus,17082,16.332
6401,2,l,,DG-ML,24009,16.574
6401,2,p,,CA1 SLM,7135,21.137
6401,2,p,,CA4 pyr,10648,18.653
6401,2,p,,DG PL hilus,18124,21.232
6401,2,p,,DG-ML,7710,21.887
6401,3,l,,CA1 SLM,13157,14.859
6401,3,l,,CA4 pyr,16004,13.161
6401,3,l,,DG PL hilus,33179,15.464
6401,3,l,,DG-ML,24792,14.102
6401,3,p,,CA1 SLM,11994,18.138
6401,3,p,,CA4 pyr,13712,13.476
6401,3,p,,DG PL hilus,19796,16.985
6401,3,p,,DG-ML,40818,17.819
6401,4,l,,CA1 SLM,10651,14.337
6401,4,l,,CA4 pyr,11376,10.943
6401,4,l,,DG PL hilus,17199,14.962
6401,4,l,,DG-ML,11488,14.317
6401,4,p,,CA1 SLM,10173,16.589
6401,4,p,,CA4 pyr,13270,10.775
6401,4,p,,DG PL hilus,21763,15.786
6401,4,p,,DG-ML,20798,15.445
6401,5,l,1,CA1 SLM,8279,14.129
6401,5,l,2,CA4 pyr,10077,10.074
6401,5,l,1,DG PL hilus,21380,13.665
6401,5,l,1,DG-ML,25323,14.673
6401,5,p,,CA1 SLM,16119,14.914
6401,5,p,,CA4 pyr,19156,12.551
6401,5,p,,DG PL hilus,11316,12.939
6401,5,p,,DG-ML,29195,14.053
6401,6,l,2,CA1 SLM,24933,13.571
6401,6,l,2,CA4 pyr,9421,10.334
6401,6,l,2,DG PL hilus,11354,10.931
6401,6,l,2,DG-ML,19668,11.961
6401,6,p,1,CA1 SLM,14131,13.757
6401,6,p,2,CA4 pyr,13135,11.572
6401,6,p,1,DG PL hilus,24814,12.693
6401,6,p,1,DG-ML,14699,11.865
6401,7,l,,CA1 SLM,16235,14.17
6401,7,l,,CA4 pyr,16698,11.645
6401,7,l,,DG PL hilus,21049,12.119
6401,7,l,,DG-ML,28430,13.935
6401,7,p,,CA1 SLM,10027,14.646
6401,7,p,,CA4 pyr,16254,10.18
6401,7,p,,DG PL hilus,12483,12.47
6401,7,p,,DG-ML,17359,11.365
6401,8,l,,CA1 SLM,23105,13.219
6401,8,l,,CA4 pyr,30946,10.579
6401,8,l,,DG PL hilus,4000,14.891
6401,8,l,,DG-ML,29393,13.72
6401,8,p,,CA1 SLM,14687,14.636
6401,8,p,,CA4 pyr,16531,11.396
6401,8,p,,DG PL hilus,16407,13.522
6401,8,p,,DG-ML,18686,13.509
6401,9,l,,CA1 SLM,12644,15.313
6401,9,l,,CA4 pyr,12159,12.38
6401,9,l,,DG PL hilus,30455,12.072
6401,9,l,,DG-ML,31257,12.773
6401,9,p,,CA1 SLM,42970,12.389
6401,9,p,,CA4 pyr,X,X
6401,9,p,,DG PL hilus,48369,14.234
6401,9,p,,DG-ML,57691,12.637
6401,10,l,,CA1 SLM,31938,14.25
6401,10,l,,CA4 pyr,23591,11.999
6401,10,l,,DG PL hilus,24193,13.69
6401,10,l,,DG-ML,29715,12.865
6401,10,p,,CA1 SLM,18248,11.494
6401,10,p,,CA4 pyr,X,X
6401,10,p,,DG PL hilus,X,X
6401,10,p,,DG-ML,37780,11.506
6401,11,l,,CA1 SLM,24530,12.375
6401,11,l,,CA4 pyr,X,X
6401,11,l,,DG PL hilus,97841,14.036
6401,11,l,,DG-ML,59820,13.692
6401,11,p,,CA1 SLM,X,X
6401,11,p,,CA4 pyr,X,X
6401,11,p,,DG PL hilus,X,X
6401,11,p,,DG-ML,X,X
6401,15 - control,l,,CA1 SLM,7401,13.138
6401,15 - control,l,,CA4 pyr,26488,10.381
6401,15 - control,l,,DG PL hilus,16976,12.129
6401,15 - control,l,,DG-ML,22.161,13.381
6401,15 - control,p,,CA1 SLM,8310,13.752
6401,15 - control,p,,CA4 pyr,12847,9.141
6401,15 - control,p,,DG PL hilus,21385,12.276
6401,15 - control,p,,DG-ML,19391,13.677
6403,1,l,,CA1 SLM,X,X
6403,1,l,,CA4 pyr,X,X
6403,1,l,,DG PL hilus,X,X
6403,1,l,,DG-ML,12599,29.611
6403,1,p,,CA1 SLM,X,X
6403,1,p,,CA4 pyr,17693,20.545
6403,1,p,,DG PL hilus,4755,25.287
6403,1,p,,DG-ML,12970,31.048
6403,2,l,,CA1 SLM,4238,18.494
6403,2,l,,CA4 pyr,10393,18.079
6403,2,l,,DG PL hilus,9641,22.299
6403,2,l,,DG-ML,13459,19.529
6403,2,p,,CA1 SLM,7441,18.33
6403,2,p,,CA4 pyr,19192,16.465
6403,2,p,,DG PL hilus,18487,19.783
6403,2,p,,DG-ML,20705,18.63
6403,3,l,,CA1 SLM,11658,17.067
6403,3,l,,CA4 pyr,18625,15.093
6403,3,l,,DG PL hilus,22861,18.007
6403,3,l,,DG-ML,42680,17.079
6403,3,p,,CA1 SLM,8926,16.902
6403,3,p,,CA4 pyr,13093,13.41
6403,3,p,,DG PL hilus,25964,16.596
6403,3,p,,DG-ML,12515,16.79
6403,4,l,,CA1 SLM,33736,15.807
6403,4,l,,CA4 pyr,19922,12.138
6403,4,l,,DG PL hilus,21899,15.487
6403,4,l,,DG-ML,31128,15.1
6403,4,p,,CA1 SLM,14798,18.489
6403,4,p,,CA4 pyr,37020,11.884
6403,4,p,,DG PL hilus,33242,15.681
6403,4,p,,DG-ML,24802,13.818
6403,5,l,,CA1 SLM,21294,15.776
6403,5,l,,CA4 pyr,11795,13.442
6403,5,l,,DG PL hilus,27272,14.958
6403,5,l,,DG-ML,13326,13.783
6403,5,p,,CA1 SLM,36925,15.518
6403,5,p,,CA4 pyr,20449,10.858
6403,5,p,,DG PL hilus,34168,13.574
6403,5,p,,DG-ML,23378,14.983
6403,6,l,,CA1 SLM,24034,14.931
6403,6,l,,CA4 pyr,13992,14.356
6403,6,l,,DG PL hilus,22269,14.008
6403,6,l,,DG-ML,25148,15.267
6403,6,p,,CA1 SLM,14321,14.871
6403,6,p,,CA4 pyr,24717,13.858
6403,6,p,,DG PL hilus,23518,13.575
6403,6,p,,DG-ML,18286,12.334
6403,7,l,,CA1 SLM,19027,12.78
6403,7,l,,CA4 pyr,20988,12.467
6403,7,l,,DG PL hilus,16352,12.276
6403,7,l,,DG-ML,24545,12.529
6403,7,p,,CA1 SLM,40035,12.666
6403,7,p,,CA4 pyr,25200,11.397
6403,7,p,,DG PL hilus,30891,12.172
6403,7,p,,DG-ML,32859,12.725
6403,8,l,,CA1 SLM,62027,15.146
6403,8,l,,CA4 pyr,15.218,11.512
6403,8,l,,DG PL hilus,25392,12.827
6403,8,l,,DG-ML,40744,13.7
6403,8,p,1,CA1 SLM,26684,16.744
6403,8,p,2,CA4 pyr,26365,14.357
6403,8,p,1,DG PL hilus,30427,13.626
6403,8,p,2,DG-ML,50679,15.705
6403,9,l,1,CA1 SLM,73038,15.328
6403,9,l,2,CA4 pyr,36397,12.702
6403,9,l,1,DG PL hilus,51078,15.119
6403,9,l,2,DG-ML,23225,13.249
6403,9,p,,CA1 SLM,25323,14.243
6403,9,p,,CA4 pyr,27748,11.296
6403,9,p,,DG PL hilus,21891,15.062
6403,9,p,,DG-ML,24635,11.033
6403,10,l,,CA1 SLM,64711,13.548
6403,10,l,,CA4 pyr,X,X
6403,10,l,,DG PL hilus,51253,14.196
6403,10,l,,DG-ML,32945,13.988
6403,10,p,,CA1 SLM,28501,10.91
6403,10,p,,CA4 pyr,17688,11.111
6403,10,p,,DG PL hilus,37249,12.477
6403,10,p,,DG-ML,14957,10.887
6403,11,l,,CA1 SLM,66335,14.286
6403,11,l,,CA4 pyr,X,X
6403,11,l,,DG PL hilus,55652,14.507
6403,11,l,,DG-ML,29302,14.005
6403,11,p,,CA1 SLM,X,X
6403,11,p,,CA4 pyr,X,X
6403,11,p,,DG PL hilus,X,X
6403,11,p,,DG-ML,X,X
6403,15 - control,l,,CA1 SLM,28096,14.319
6403,15 - control,l,,CA4 pyr,15431,14.364
6403,15 - control,l,,DG PL hilus,19079,14.885
6403,15 - control,l,,DG-ML,26926,14.209
6403,15 - control,p,,CA1 SLM,12751,14.389
6403,15 - control,p,,CA4 pyr,16146,14.229
6403,15 - control,p,,DG PL hilus,15758,19.006
6403,15 - control,p,,DG-ML,10602,18.494
6416,2,l,,CA1 SLM,X,X
6416,2,l,,CA4 pyr,8226,11.261
6416,2,l,,DG PL hilus,11587,12.341
6416,2,l,,DG-ML,16018,12.427
6416,2,p,,CA1 SLM,65166,9.939
6416,2,p,,CA4 pyr,9062,9.693
6416,2,p,,DG PL hilus,30029,9.524
6416,2,p,,DG-ML,65908,10.934
6416,3,l,,CA1 SLM,27534,8.578
6416,3,l,,CA4 pyr,16139,8.101
6416,3,l,,DG PL hilus,29212,10.924
6416,3,l,,DG-ML,11170,9.767
6416,3,p,,CA1 SLM,45058,10.867
6416,3,p,,CA4 pyr,10001,9.819
6416,3,p,,DG PL hilus,10182,10.264
6416,3,p,,DG-ML,14318,11.03
6416,4,l,,CA1 SLM,15944,9.27
6416,4,l,,CA4 pyr,8251,8.33
6416,4,l,,DG PL hilus,8742,11.476
6416,4,l,,DG-ML,9484,10.241
6416,4,p,,CA1 SLM,53052,11.141
6416,4,p,,CA4 pyr,19671,10.641
6416,4,p,,DG PL hilus,27973,13.317
6416,4,p,,DG-ML,1442,12.241
6416,5,l,,CA1 SLM,70746,8.91
6416,5,l,,CA4 pyr,6217,8.381
6416,5,l,,DG PL hilus,16568,11.103
6416,5,l,,DG-ML,19317,9.432
6416,5,p,,CA1 SLM,38772,9.387
6416,5,p,,CA4 pyr,17806,12.659
6416,5,p,,DG PL hilus,14927,9.326
6416,5,p,,DG-ML,14528,11.338
6416,6,l,,CA1 SLM,45888,10.004
6416,6,l,,CA4 pyr,8136,8.879
6416,6,l,,DG PL hilus,21761,11.644
6416,6,l,,DG-ML,19424,10.41
6416,6,p,,CA1 SLM,34765,8.863
6416,6,p,,CA4 pyr,7470,8.665
6416,6,p,,DG PL hilus,10717,10.882
6416,6,p,,DG-ML,13446,9.805
6416,7,l,,CA1 SLM,20602,10.775
6416,7,l,,CA4 pyr,9565,8.338
6416,7,l,,DG PL hilus,22135,10.775
6416,7,l,,DG-ML,12835,10.215
6416,7,p,,CA1 SLM,26152,6.486
6416,7,p,,CA4 pyr,11955,8.374
6416,7,p,,DG PL hilus,13527,9.382
6416,7,p,,DG-ML,18694,6.74
6416,8,l,,CA1 SLM,62462,6.607
6416,8,l,,CA4 pyr,20700,6.905
6416,8,l,,DG PL hilus,18.934,10.204
6416,8,l,,DG-ML,19337,7.587
6416,8,p,,CA1 SLM,33606,10.825
6416,8,p,,CA4 pyr,14736,7.838
6416,8,p,,DG PL hilus,22690,9.756
6416,8,p,,DG-ML,17505,9.663
6416,9,l,,CA1 SLM,23935,7.497
6416,9,l,,CA4 pyr,17020,9.353
6416,9,l,,DG PL hilus,44567,11.527
6416,9,l,,DG-ML,12896,8.489
6416,9,p,,CA1 SLM,26347,6.941
6416,9,p,,CA4 pyr,13024,8.531
6416,9,p,,DG PL hilus,23584,9.218
6416,9,p,,DG-ML,16689,7.389
6416,10,l,,CA1 SLM,31300,7.272
6416,10,l,,CA4 pyr,9067,9.218
6416,10,l,,DG PL hilus,28254,11.173
6416,10,l,,DG-ML,19546,8.153
6416,10,p,,CA1 SLM,51049,7.863
6416,10,p,,CA4 pyr,X,X
6416,10,p,,DG PL hilus,10047,13.246
6416,10,p,,DG-ML,16519,9.832
6416,11,l,,CA1 SLM,65814,7.028
6416,11,l,,CA4 pyr,X,X
6416,11,l,,DG PL hilus,9433,10.409
6416,11,l,,DG-ML,15014,8.234
6416,11,p,,CA1 SLM,X,X
6416,11,p,,CA4 pyr,X,X
6416,11,p,,DG PL hilus,X,X
6416,11,p,,DG-ML,X,X
6416,control,l,,CA1 SLM,12012,13.026
6416,control,l,,CA4 pyr,6152,10.238
6416,control,l,,DG PL hilus,9570,10.887
6416,control,l,,DG-ML,1027,12.297
6416,control,p,,CA1 SLM,28853,11.276
6416,control,p,,CA4 pyr,13294,7.494
6416,control,p,,DG PL hilus,8308,9.419
6416,control,p,,DG-ML,13658,10.704
6417,2,l,,CA1 SLM,10039,9.555
6417,2,l,,CA4 pyr,14505,8.401
6417,2,l,,DG PL hilus,12542,9.38
6417,2,l,,DG-ML,12082,8.78
6417,2,p,,CA1 SLM,25416,10.241
6417,2,p,,CA4 pyr,14743,9.501
6417,2,p,,DG PL hilus,12586,9.363
6417,2,p,,DG-ML,12442,9.167
6417,3,l,,CA1 SLM,23773,9.899
6417,3,l,,CA4 pyr,18203,7.353
6417,3,l,,DG PL hilus,16913,9.865
6417,3,l,,DG-ML,9075,8.567
6417,3,p,,CA1 SLM,10344,8.772
6417,3,p,,CA4 pyr,6079,8.767
6417,3,p,,DG PL hilus,13201,9.58
6417,3,p,,DG-ML,18538,8.909
6417,4,l,,CA1 SLM,24072,8.331
6417,4,l,,CA4 pyr,12719,7.982
6417,4,l,,DG PL hilus,6229,10.556
6417,4,l,,DG-ML,11202,7.92
6417,4,p,,CA1 SLM,52891,10.997
6417,4,p,,CA4 pyr,19365,8.032
6417,4,p,,DG PL hilus,17738,10.955
6417,4,p,,DG-ML,12633,10.418
6417,5,l,,CA1 SLM,16090,9.785
6417,5,l,,CA4 pyr,9185,7.534
6417,5,l,,DG PL hilus,25766,9.492
6417,5,l,,DG-ML,14586,8.105
6417,5,p,,CA1 SLM,26171,10.973
6417,5,p,,CA4 pyr,13673,6.479
6417,5,p,,DG PL hilus,17354,9.314
6417,5,p,,DG-ML,14619,7.938
6417,6,l,,CA1 SLM,45369,6.78
6417,6,l,,CA4 pyr,15859,6.991
6417,6,l,,DG PL hilus,17478,9.273
6417,6,l,,DG-ML,12422,7.427
6417,6,p,,CA1 SLM,19293,9.084
6417,6,p,,CA4 pyr,7922,7.755
6417,6,p,,DG PL hilus,12864,8.914
6417,6,p,,DG-ML,11092,7.853
6417,7,l,,CA1 SLM,51346,5.828
6417,7,l,,CA4 pyr,22461,7.541
6417,7,l,,DG PL hilus,18308,7.769
6417,7,l,,DG-ML,15298,6.61
6417,7,p,,CA1 SLM,31774,8.106
6417,7,p,,CA4 pyr,10207,7.062
6417,7,p,,DG PL hilus,11292,8.488
6417,7,p,,DG-ML,14691,7.891
6417,8,l,,CA1 SLM,49398,6.425
6417,8,l,,CA4 pyr,17199,7.958
6417,8,l,,DG PL hilus,32208,8.184
6417,8,l,,DG-ML,32508,7.208
6417,8,p,,CA1 SLM,26757,5.766
6417,8,p,,CA4 pyr,13577,8.315
6417,8,p,,DG PL hilus,14699,8.522
6417,8,p,,DG-ML,39153,6.026
6417,9,l,,CA1 SLM,26448,7.033
6417,9,l,,CA4 pyr,X,X
6417,9,l,,DG PL hilus,9398,10.314
6417,9,l,,DG-ML,13878,7.352
6417,9,p,,CA1 SLM,16286,5.88
6417,9,p,,CA4 pyr,15875,8.238
6417,9,p,,DG PL hilus,20703,9.232
6417,9,p,,DG-ML,16515,6.689
6417,10,l,,CA1 SLM,15200,6.811
6417,10,l,,CA4 pyr,X,X
6417,10,l,,DG PL hilus,13775,10.653
6417,10,l,,DG-ML,32518,7.17
6417,10,p,,CA1 SLM,X,X
6417,10,p,,CA4 pyr,X,X
6417,10,p,,DG PL hilus,X,X
6417,10,p,,DG-ML,X,X
6417,control,l,,CA1 SLM,14881,8.619
6417,control,l,,CA4 pyr,11516,7.242
6417,control,l,,DG PL hilus,9644,7.961
6417,control,l,,DG-ML,26025,8.176
6417,control,p,,CA1 SLM,28593,9.33
6417,control,p,,CA4 pyr,8239,6.466
6417,control,p,,DG PL hilus,14262,7.03
6417,control,p,,DG-ML,23650,8
