id;genotype;age_cohort;born;experiment_start;age_in_start_(weeks);first_weight_(mg);pre_death_weight_(mg);epm_falls;epm_distance;epm_close1_dur;epm_close1_fre;epm_close1_to1;epm_close2_dur;epm_close2_fre;epm_close2_to1;epm_open1_dur;epm_open1_fre;epm_open1_to1;epm_open2_dur;epm_open2_fre;epm_open2_to1;of.distance;of.corner;of.center.dist;of.on.edges_narrow;of.distance_on_edges_narrow;olm_testing1;olm_stable1;olm_testing2;olm_stable2;olm_testing3;olm_stable3;olm_testing4;olm_stable4;startle_max;startle_lat_max;pre_max;pre_lat_max;digi_12_hind_Stance_Stride;digi_12_hind_Stride_Length;digi_12_hind_abs(Paw_Angle);digi_12_hind_Stance_Width;digi_12_hind_Stride_length_CV;digi_12_hind_Stance_Width_CV;digi_12_fore_Stance_Stride;digi_12_fore_Stride_Length;digi_12_fore_Stride_Length_CV;digi_18_hind_Stance_Stride;digi_18_hind_Stride_Length;digi_18_hind_abs(Paw_Angle);digi_18_hind_Stance_Width;digi_18_hind_Stride_length_CV;digi_18_hind_Stance_Width_CV;digi_18_fore_Stance_Stride;digi_18_fore_Stride_Length;digi_18_fore_Stride_Length_CV;rotarod1_1;rotarod1_2;rotarod1_3;rotarod1_4;rotarod1_5;rotarod2_1;rotarod2_2;rotarod2_3;rotarod2_4;rotarod2_5;rotarod3_1;rotarod3_2;rotarod3_3;rotarod3_4;rotarod3_5;rotarod4_1;rotarod4_2;rotarod4_3;rotarod4_4;rotarod4_5;rotarod5_1;rotarod5_2;rotarod5_3;rotarod5_4;rotarod5_5;mwm_probe_trial;mwm_lat_2_7;mwm_lat_8_9;mwm_non_mowing_1_7;t_maze1;t_maze2;t_maze3;t_maze4;t_maze5;t_maze6;t_maze7;t_maze8;t_maze9;t_maze10;t_maze11;fst5_freqency_immobile;fst5_first;fst_immobility1;fst_immobility2;fst_immobility3;fst_immobility4;fst_immobility5;fst_immobility6;brain_weight;cb_mol;cb_granular;DG_ML_volume;ca_srlm;hypoglossal_nuclues_volume(mm3);parietal_cortex_thickness(mm);ca_oriens_pyramidale(mm3);dg_hilus(mm3);dg_granular(mm3)
102;tg+;sca1_w26;10.03.2017;18.09.2017;27.4;22.3;19.7;0;1275.7;143.12;7;15.28;27.68;3;0;0;0;0;0;0;0;2565.672564;0.666666667;27.99080724;0.951426025;0.923408265;2;34;2;24;0;1;1;6;8.91;159.44;7.99;177.67;75.65;4.216666667;10.86666667;2.2;9.341666667;4.56;72.21666667;4.15;10.45;76.8;5.025;12.125;2.1;10.5225;15.425;65.25;4.925;32.5025;4;4;16;99;58;75;93;111;59;72;65;97;87;79;93;98;109;74;92;59;61;95;69;88;70;0.015936255;55.07;58.125;13.38448655;20;50;60;40;50;50;10;50;30;50;60;1;118.56;0;2;0.24;0;0;0;353;2.17056;2.49984;2.864761905;4.370285714;0.016296296;0.525943304;3.961904762;0.597261531;0.616245394
136;w;sca1_w26;13.03.2017;18.09.2017;27;26.7;26.6;0;2109.85;46.72;7;23.84;95.12;16;0.24;28.24;5;14.48;24.64;5;39.68;7649.400939;0.506109753;26.22500194;0.778271495;0.691672592;33;23;8;10;15;13;11;6;19.39;81.77;3.8;163.46;74.45;4.416666667;12.46666667;2.3;18.59833333;13.10333333;64.26666667;4.333333333;31.125;72.575;6.475;10.7;2.35;7.8525;8.515;62.55;6.2;32.4425;173;180;197;158;236;266;202;185;201;248;228;234;97;91;202;213;260;238;243;194;177;240;242;290;235;0.193227092;20.595;13.02;5.59727995;20;10;10;10;0;10;0;100;40;20;0;7;84.88;0;5.76;4.56;4.48;14.72;7.84;356;2.8864;2.299733333;2.956114286;4.813714286;0.014637037;0.47257087;3.863314286;0.568570011;0.643841691
98;tg+;sca1_w26;10.03.2017;18.09.2017;27.4;21.2;20.4;0;727.538;0;0;0;193.36;9;1.12;0;0;0;0;0;0;2175.184603;0.535459411;26.30384986;0.827386262;0.7982665;0;2;0;0;0;0;0;1;6.29;157.94;5.91;193.71;78.9;4.9;8.45;2.5;12.59;6.24;71.3;4.5;19.28;;;;;;;;;;10;96;79;78;74;92;90;80;72;72;65;92;83;65;85;74;72;61;74;81;61;68;76;42;95;0.001992032;55.03999996;58.89;56.7688013;50;10;10;0;0;10;0;60;80;60;50;15;8.56;5.44;27.84;38.32;29.76;35.44;30.24;350;;;;;;;;;
99;tg+;sca1_w26;10.03.2017;18.09.2017;27.4;20.9;19.9;0;987.819;38.08;4;18.56;217.2;7;33.44;0;0;0;0;0;0;5908.348162;0.566318596;28.22100693;0.91113086;0.892628194;22;18;10;6;5;4;0;0;13.84;91.73;10.57;89.79;74.21666667;3.966666667;10.86666667;2.166666667;12.89833333;6.706666667;64.01666667;3.7;30.89666667;;;;;;;;;;87;117;87;73;86;83;72;58;64;66;86;89;74;93;71;116;147;71;95;59;56;98;176;80;84;0.014227642;46.685;36.255;26.43727143;30;30;60;30;20;40;30;20;10;0;0;15;45.28;2.24;23.36;34.96;31.52;39.84;44.64;345;2.4512;2.5024;2.7008;4.3584;0.015348148;0.494014337;3.8528;0.52132608;0.50041728
100;w;sca1_w26;10.03.2017;18.09.2017;27.4;28.7;26.6;0;2146.74;52.32;9;6.4;58.56;9;17.28;61.44;5;57.44;30.88;3;91.92;7194.055825;0.497660949;27.39794901;0.853865003;0.772128251;33;33;12;17;16;39;6;4;24.78;82.17;5.71;150.54;79.01666667;4.65;25.41666667;2;16.92333333;29.16666667;69.93333333;4.183333333;37.42333333;69.86666667;5.716666667;20.08333333;2.133333333;11.43333333;13.72;64;5.733333333;25.03;146;101;38;155;182;141;204;184;194;193;121;166;243;196;182;111;108;131;135;170;93;96;168;143;225;0.193227092;40.285;14.805;25.76635011;40;20;10;10;0;0;0;70;30;10;0;1;9.92;6.32;0;0;0;0;0;370;;;2.656;4.7744;;0.537450077;3.6096;0.6133248;0.5645376
101;tg+;sca1_w26;10.03.2017;18.09.2017;27.4;21.2;21.1;0;711.97;16.48;1;3.12;288.16;4;35.76;0;0;0;0;0;0;1570.797099;0.687402799;28.2914613;0.976227505;0.87603432;5;2;5;2;15;0;1;0;4.79;178.79;5.21;173.17;84.3;4.85;13.5;2.5;6.61;6;69.55;5;16.265;78.375;5.65;14.925;2.2;10.4375;4.415;68.45;5.375;21.87;53;88;70;71;64;80;61;58;63;74;56;90;76;66;60;81;90;56;101;113;85;74;94;67;90;0.001992032;52.88;56.835;59.6525035;70;100;50;60;40;40;40;0;10;10;10;20;10.48;14.88;27.28;17.84;21.12;37.68;10.32;320;2.14032;2.32128;2.2264;4.189066667;0.014340741;0.50359447;3.128;0.4875816;0.41678208
111;w;sca1_w26;12.04.2017;23.10.2017;27.7;30.6;29.4;0;926.043;85.84;4;14.64;31.84;3;262.24;8.16;3;82.88;0;0;0;5751.370602;0.537603214;26.32193015;0.736219594;0.66699769;41;66;28;51;24;19;22;25;8.96;112.52;3.99;130.38;78.2125;4.9;18.05;2.4;13.22625;10.8325;66.0625;4.6125;35.41;75.3125;5.9;18.1;2.525;11.9375;8.9325;64.7;6.025;20.21625;79;50;175;161;192;175;222;186;196;197;127;205;174;165;238;224;192;220;224;216;206;166;211;186;189;0.233067729;40.445;13.95;34.82030088;30;0;0;0;0;0;0;50;20;10;0;15;21.52;20.24;32.16;50.64;21.12;43.92;13.84;423;3.2928;3.044533333;;;0.015822222;;;;
112;w;sca1_w26;12.04.2017;23.10.2017;27.7;30.3;30.1;0;2098.13;56.64;7;31.52;38.8;6;38.24;22.4;4;14.16;54.4;7;1.36;3979.644593;0.452121751;23.99638073;0.67029549;0.597850265;38;42;28;46;32;29;38;32;23.33;87.21;4.18;151.71;77.175;4.325;17.975;3.05;17.175;8.235;65.25;4.325;32.7725;73.25;5.88;17.77;2.76;7.898;7.58;66.43;5.8;20.093;95;112;69;130;171;135;205;251;264;267;231;229;217;337;246;214;281;245;332;279;170;289;146;189;151;0.131474104;40.71;18.3;32.99889986;40;0;0;0;0;0;0;80;20;10;10;16;59.6;1.2;24.4;27.2;41.2;36.8;20.4;418;3.142857143;2.872571429;;;0.012622222;;;;
108;w;sca1_w26;18.04.2017;23.10.2017;26.9;29.9;28.2;0;2279.64;62.16;10;2.24;71.76;12;0;22.88;4;37.76;44.64;4;91.44;4147.593295;0.659602944;26.20060327;0.824670979;0.719617097;31;19;25;36;23;37;17;38;14.11;71.08;4.61;175.5;75.425;4.3;24.1;2.35;24.77;10.0325;70.6;4.1375;29.15125;70.0875;5.4875;25.3875;2.425;9.8825;8.3025;63.1875;5.425;16.92875;106;156;210;190;102;159;222;228;287;235;244;244;292;285;309;245;240;283;306;337;145;282;328;272;332;0.011952191;40.345;30.075;26.93727524;40;0;0;0;10;0;0;60;30;20;0;8;72.16;0.88;22.56;32.64;60;17.68;7.6;362;;;;;;;;;
109;tg+;sca1_w26;18.04.2017;23.10.2017;26.9;22.6;21.5;0;1992.9;79.52;17;3.76;61.44;10;27.12;2.08;2;337.36;3.68;2;192.08;2370.078577;0.694512331;29.18705788;0.913130415;0.874235668;48;57;17;14;20;8;0;0;8.75;114.02;4.76;116.88;82.65;4.6;15.55;2.5;15.835;8.95;64.36666667;4.833333333;43.11;75.625;5.675;14.175;2.5;8.9225;4.94;68.025;6.2;27.14;88;156;71;45;142;104;131;150;150;175;101;164;147;137;122;131;165;119;142;178;87;166;131;168;169;0.278884462;58.195;57.23999988;52.11323208;60;80;70;20;0;30;20;20;10;10;0;11;13.36;8.4;12;4.88;13.76;18.4;28.88;350;1.506;2.016;2.405389474;4.374568421;0.017066667;0.452043011;3.502147368;0.480462215;0.594470198
110;tg+;sca1_w26;18.04.2017;23.10.2017;26.9;22.8;21.7;0;1417.34;74.16;6;0.72;52.72;4;39.36;20.64;2;127.12;75.6;2;59.44;1500.269066;0.916463008;30.94882827;0.977116196;0.872206728;48;42;17;11;1;33;11;4;12.46;132.27;11.72;109.29;88.9;4;15.25;2.3;12.125;5.7;72.9;4;13.99;76.65;4.6;15.35;2;26.26;17.68;64.4;4.35;35.155;105;91;133;73;105;89;134;98;70;75;64;119;124;115;57;71;94;74;91;83;31;67;142;32;72;0.001992032;53.9;60.12;65.59381238;60;70;60;50;10;40;40;90;50;50;60;15;6.4;24.96;29.76;40;34.72;45.84;43.36;355;;;;;;;;;
124;w;sca1_w26;30.04.2017;06.11.2017;27.1;30.2;28.9;0;1665.25;70.72;7;46.8;85.6;7;37.2;11.44;1;91.44;53.44;4;0.96;6144.506607;0.43723617;24.94264934;0.684736725;0.655472336;25;23;24;24;37;38;45;31;24.2;83.08;9.15;147;81.7;3.875;15.825;2.6;11.8525;8.1;66.725;3.8;31.95;74.575;5.425;13.375;2.3;9.3275;4.56;66.975;5.375;15.685;135;45;142;130;138;231;212;171;195;254;222;262;230;247;231;200;227;229;199;168;158;150;148;182;169;0.185110664;51.425;32.53499988;45.24516165;60;20;10;20;10;10;20;40;60;30;10;12;150.24;0;0;9.28;18.64;15.44;17.28;380;2.601890909;2.189090909;2.760589474;5.153515789;0.0158;0.546482335;4.187621053;0.534751731;0.549681347
125;w;sca1_w26;30.04.2017;06.11.2017;27.1;30.3;29.8;0;2164.84;97.04;14;11.04;121.76;13;0;0;0;0;0;0;0;5018.527597;0.408563782;22.99807763;0.577386262;0.516499954;51;28;42;20;28;39;41;29;27.13;79.35;14.97;93;79.71666667;4.766666667;18.01666667;2.833333333;9.958333333;7.293333333;67.56666667;4.7;20.71;74.4;6.316666667;16.83333333;2.566666667;9.671666667;5.716666667;65.1;6.383333333;17.15166667;141;227;106;258;70;335;239;323;168;316;271;384;253;375;328;407;382;391;319;379;413;394;392;346;307;0.107569721;20.885;14.27999975;10.81422437;80;80;70;20;10;0;0;80;40;20;0;0;360;0;0;0;0;0;0;373;2.897163636;2.468945455;3.264;5.4528;0.016133333;0.531964809;4.9536;0.60077952;0.59659776
126;w;sca1_w26;30.04.2017;06.11.2017;27.1;31;29;0;2372.16;38.24;8;30.8;104.48;17;0;27.84;3;13.92;23.6;4;18.8;6709.500203;0.472;25.32000791;0.733555556;0.667738722;40;31;17;35;39;29;16;14;16.6;86.56;6.1;169.54;85.7;5.05;22;2.7;11.09;12.61;65.9;5.1;21.995;71.75;6.225;23.15;2.75;20.765;9.64;61.2;6.55;31.495;207;215;221;254;211;206;296;267;192;232;241;295;220;279;266;243;293;267;338;257;230;296;223;303;191;0.284860558;55.825;28.27499975;50.74012858;80;60;60;30;50;10;20;20;20;30;0;11;183.12;0;0;1.36;26.16;14.4;16;387;;;;;;;;;
127;w;sca1_w26;30.04.2017;06.11.2017;27.1;32.6;31.6;0;1306.17;63.6;6;38.48;64.96;4;50.16;10.88;3;114.8;17.84;3;10.96;7008.165479;0.5580982;26.17372258;0.795156632;0.670801185;42;47;29;29;48;25;9;22;14.07;87.94;5.82;172.38;82.4;4.8;21.275;2.5;28.8625;12.225;67.75;4.625;29.3225;84.825;6.25;24.9;2.5;11.475;4.575;61.25;5.8;36.83;56;118;115;143;155;162;197;128;108;216;143;110;108;136;177;209;150;158;161;124;101;201;141;127;227;0.149700599;45.41;32.265;55.37824551;10;10;20;30;10;0;0;70;40;20;10;11;7.12;4.48;5.6;9.28;25.76;25.36;32.8;381;;;;;;;;;
143;w;sca1_w26;02.05.2017;06.11.2017;26.9;29.1;28.9;0;1794.13;75.92;11;32.08;126.64;11;8.96;0;0;0;0;0;0;5786.051497;0.492520652;25.18672491;0.731413262;0.661646654;30;26;19;35;22;15;24;12;17.5;90.65;6.49;141.29;80.4;4.7;19.3;2.566666667;8.521666667;16.63666667;65.56666667;4.716666667;37.295;77.9375;5.6875;16.175;2.375;8.80125;10.7775;63.925;5.4375;18.37125;276;70;119;138;261;304;284;314;287;316;313;318;338;375;311;325;290;313;274;318;315;212;369;257;292;0.131474104;44.15;18.96;53.22150076;30;20;0;10;0;0;0;90;70;30;0;14;0.08;7.2;12.32;30.24;43.6;42.8;37.6;378;;;;;;;;;
144;tg+;sca1_w26;02.05.2017;06.11.2017;26.9;23.3;22;0;1692.14;70.32;6;6;90.48;4;73.84;55.36;4;32.96;53.6;7;11.92;1598.026887;0.452566096;25.25506553;0.748055988;0.786875448;15;25;0;0;19;7;1;1;26.13;116.98;14.64;138.83;89.1;4.15;13.45;2.5;15.525;9.32;67.3;3.9;41.035;84.825;5.025;14.125;2.3;10.645;7.135;58.4;4.6;37.6;143;143;149;184;153;134;140;157;86;158;177;137;127;148;136;143;140;168;99;197;182;163;223;190;197;0.141434263;46.745;53.33999975;25.58373656;50;40;10;20;20;20;50;40;90;60;60;2;5.44;5.2;0.16;1.68;0;0;0;353;2.091466667;2.453333333;2.351288889;4.273422222;0.014666667;0.45734767;4.0256;0.58188416;0.52132608
160;w;sca1_w26;01.05.2017;06.11.2017;27;27.8;27.3;0;1725.39;71.76;8;29.2;82.24;11;15.76;0;0;0;0;0;0;4447.398673;0.598039216;27.56069313;0.858734403;0.825631785;9;13;21;17;10;14;12;10;11.38;107.88;4.18;160.21;79.7;4.45;27.525;2.55;8.48;4.94;61.525;4.45;22.4;76.425;5.7;25.9375;2.65;7.65625;4.9725;65.9125;5.5625;19.615;159;101;197;172;175;193;237;265;162;188;140;187;172;230;252;268;234;235;196;223;220;160;281;219;148;0.135458167;45.98;59.11499963;47.9575431;50;0;0;0;0;0;0;90;50;30;20;15;157.44;0;0;12.08;18.4;12.32;28.24;405;;;2.88904;4.93416;;0.521055718;4.21344;0.56349216;0.614474784
162;w;sca1_w26;01.05.2017;06.11.2017;27;28.2;27.9;0;2651.93;62.4;12;0;75.52;14;27.68;20.16;3;17.28;37.84;6;46.32;6630.191106;0.515885359;26.87489002;0.864696734;0.796914747;42;42;35;30;25;18;31;31;29.31;82.71;12.38;93.17;84.9;4.825;20.025;2.95;8.69;5.195;59.85;4.175;26.1525;84.2;5.633333333;18.4;2.6;10.60166667;4.143333333;63.01666667;5.516666667;31.22666667;266;254;323;134;237;130;273;264;28.4;324;221;318;123;307;322;375;352;365;362;341;316;374;383;300;423;0.221327968;25.24;15.73499975;3.506738993;80;40;0;10;0;10;20;90;50;10;0;2;326.56;0;0;0;0;1.2;12.08;403;;;;;;;;;
163;w;sca1_w26;01.05.2017;06.11.2017;27;32.2;29.7;0;2264.86;59.84;11;0.32;102.56;12;30.16;7.12;4;66.64;25.76;2;96.24;4882.923251;0.585647634;25.16445544;0.804487892;0.685671601;14;11;7;6;34;25;30;24;21.3;99.5;11.95;106.75;79.6;4.55;20.55;3;14.775;8.98;64.7;4.7;33.295;77.96666667;6.283333333;22.28333333;2.833333333;7.231666667;4.74;64.73333333;6.216666667;23.51333333;144;208;181;221;186;185;166;185;211;190;137;186;138;119;138;134;154;203;164;186;112;139;180;153;203;0.310756972;37.935;17.28;31.51331106;60;20;10;0;0;10;20;60;40;10;0;1;10.4;1.52;0;0;0;0;0;411;;;;;;;;;
166;w;sca1_w26;01.05.2017;06.11.2017;27;31.1;29.9;0;1884.74;38.64;7;45.04;74.8;14;6.24;36.4;3;15.52;0;0;0;6236.882167;0.642841238;27.43775079;0.938098419;0.896607393;25;26;14;40;20;23;10;18;14.36;93.79;3.75;113.79;77.975;4.5125;19.7;2.675;16.4325;10.7325;66.9375;4.3625;31.085;79.85;6.25;20.9;2.6;10.065;4.28;66.55;5.85;42.195;165;89;64;131;140;141;163;167;179;215;181;242;253;272;146;179;252;141;128;200;123;157;158;203;152;0.14940239;43.305;46.00499988;54.57740359;40;10;0;10;0;10;10;40;20;10;10;19;0.32;12.72;20.56;20.48;10.48;3.84;38;382;3.023733333;2.6312;3.134484211;5.109894737;0.014133333;0.544989247;4.424421053;0.542895158;0.613471528
169;w;sca1_w26;01.05.2017;06.11.2017;27;28.7;28;0;2657.64;49.84;8;46.4;42.64;6;58.48;68.72;8;18.72;58.16;8;12.4;7558.576471;0.566540769;26.42604652;0.827816041;0.739105616;32;40;13;22;12;77;19;28;10.15;101.9;6.12;203.29;74.95;3.916666667;15.96666667;2.333333333;11.055;8.913333333;64.26666667;3.883333333;33.67;72.4875;5.2125;14.625;2.175;14.4675;6.1275;66.1375;5.175;25.825;79;111;143;145;108;163;190;200;217;240;204;220;190;220;245;163;238;303;304;259;154;199;271;233;240;0.085657371;47.68;21.83999988;7.036937213;30;50;40;30;30;20;10;50;50;40;20;7;197.44;0;0;0;10.08;7.68;29.12;404;3.190153846;2.7648;3.01224;5.01424;0.0146;0.566064516;4.53376;0.491043168;0.639966096
170;w;sca1_w26;01.05.2017;06.11.2017;27;28.4;27.1;0;1468.57;106.32;9;7.76;83.76;9;17.76;0;0;0;0;0;0;4472.829679;0.608821564;27.79345284;0.826019158;0.741705365;41;30;21;33;18;18;12;20;13.47;84.23;4.31;152.04;75.75;4.5;23.875;2.55;13.77;11.65;66.075;3.925;46.71;76.8;6.2;21.5;2.65;14.0575;12.985;62.2;6.35;30.705;132;61;68;111;156;95;126;179;190;153;156;187;180;186;132;117;140;213;225;149;192;182;198;131;229;0.143426295;44.425;7.094999875;5.127308132;50;0;0;10;20;10;0;100;60;70;70;11;97.68;0;12.08;44.56;35.84;44.32;39.92;386;2.515781818;2.126109091;3.2128;5.344;0.011961905;0.552365591;4.7488;0.58126464;0.63702144
323B;tg+;sca1_w26;19.05.2017;27.11.2017;27.4;23.6;21.9;0;1025.86;47.44;3;31.52;246.08;7;0;0;0;0;10.8;1;8.72;2021.81192;0.825669643;28.09562954;0.980580357;0.938682441;5;8;2;1;0;1;1;0;10.5;92.69;5.86;105.33;83.9;4.175;13.75;2.5;21.46;29.925;59.45;3.75;41.6975;83.65;5.675;16.55;2.4;9.9925;11.18;61.225;5.925;29.9925;20;48;48;30;58;53;53;91;70;88;66;77;108;85;56;74;85;65;104;95;60;69;87;38;49;0.035856574;55.095;49.71;64.61175998;80;60;10;10;10;20;10;60;60;70;40;10;16;21.28;42.4;45.76;26.48;50.16;33.36;390;2.528;2.88;2.293257143;4.080914286;0.013333333;0.590645161;4.405942857;0.515202789;0.606969189
324;tg+;sca1_w26;19.05.2017;27.11.2017;27.4;23;21.6;0;1311.05;109.68;15;7.68;139.76;5;12.56;5.12;1;92.32;0;0;0;1651.294143;0.890246612;32.90168904;0.996000889;0.979742781;2;0;4;3;1;8;4;3;11.71;91.83;7.56;99.46;83.4;4.475;14.8;2.5;11.995;13.1;67.75;4.3;29.39;83.26666667;5.683333333;18.26666667;2.333333333;12.08166667;8.506666667;65.91666667;5.6;25.32666667;68;76;91;81;75;66;122;94;104;111;100;76;85;121;80;80;103;108;139;85;86;124;133;128;107;0.071713147;48.8;53.745;38.70990715;10;0;20;10;0;0;0;100;100;90;80;8;6.24;15.52;17.68;12.8;4.72;0;0;405;1.25664;1.40784;2.8416;4.864;0.0128;0.601362007;4.8384;0.66768768;0.63841536
325B;tg+;sca1_w26;19.05.2017;27.11.2017;27.4;22.7;22.9;0;893.27;109.6;13;2.56;142.48;1;113.12;0;0;0;0;0;0;2025.883892;0.797188755;33.23936418;0.991744757;0.9820241;3;8;1;0;19;4;6;1;9.03;83.42;6.96;83.04;87.9;4.1;17.5;2.6;9.715;4.46;52.1;3.95;17.4;82.625;5.4875;14.4375;2.6;11.02625;8.77;69.1375;5.925;32.0325;35;58;94;71;51;58;81;90;62;49;57;95;78;61;84;88;114;97;84;90;105;104;84;66;47;0.362549801;57.69999996;60.12;38.79740519;80;40;30;10;10;40;50;60;50;40;70;12;16.48;15.76;10.4;37.36;49.28;27.44;13.36;376;2.359;2.793;2.748126316;4.306021053;0.016133333;0.568445748;4.623831579;0.545609634;0.671832758
322;w;sca1_w26;19.05.2017;27.11.2017;27.4;27.2;26.7;0;1587.32;86.72;11;1.04;67.52;7;12.8;16.96;1;248.08;6.8;1;121.52;5127.38088;0.51210842;25.24203525;0.730948678;0.623188429;5;5;5;4;0;0;3;1;42.17;87.9;41.6;102.25;89.25;5.15;28.5;2.4;6.76;6.23;61.45;5.35;35.295;78.75;6.25;20.45;2.1;9.265;12.85;63.05;6.35;29.375;141;142;138;165;128;153;174;185;193;129;137;128;135;119;71;124;182;173;85;154;145;174;160;181;151;0.215139442;37.08999996;18.195;2.035841235;20;0;0;0;0;0;0;100;90;40;50;5;156.48;0;0;9.12;54;16.64;38.72;404;;;;;;;;;
233;w;sca1_w17;02.08.2017;27.11.2017;16.7;29.7;28;0;1479.4;126.8;9;34.24;34.24;5;83.68;27.52;5;0.48;13.12;1;50.8;4444.489687;0.546143558;28.60971065;0.834150691;0.683653189;14;11;26;23;19;31;21;19;26.87;78.48;18.55;95.79;81.85;3.95;20.975;2.65;13.8775;11.96;66.525;3.975;26.64;76.3;4.983333333;18.5;2.366666667;12.51333333;6.506666667;64.48333333;4.85;25.75166667;175;106;138;184;201;174;146;210;161;228;219;230;286;271;210;275;331;340;249;276;172;229;290;259;271;0.173306773;33.125;23.595;1.132107749;20;0;10;0;30;0;0;80;100;90;60;7;12.88;3.04;0;18.4;6.16;11.12;5.12;437;2.816;2.4576;3.474694737;5.543747368;;;;;
234;tg+;sca1_w17;02.08.2017;27.11.2017;16.7;23.9;22.6;0;2102.24;107.12;10;21.44;63.6;8;0;16.08;2;47.84;30.4;3;120.08;5151.753055;0.626749611;28.0010761;0.938680293;0.881064227;32;30;2;1;9;10;2;4;13.07;98.42;7.45;135.67;89.85;4.35;19.5;2.2;16.21;11.76;64.6;3.9;40.995;86.15;5.2;15.35;2;19.515;6.17;65.35;5.1;24.37;114;77;74;72;62;84;74;107;61;64;98;62;55;93;68;68;84;96;106;84;71;65;72;119;94;0.001992032;56.115;60.12;78.94211577;40;60;20;20;10;10;10;100;100;80;90;13;0.08;36.32;41.04;49.36;56.8;59.6;46.24;363;2.602763636;2.602763636;2.444547368;4.279578947;;;;;
235;w;sca1_w17;02.08.2017;27.11.2017;16.7;25.5;26.9;0;2508.93;104.32;13;0.56;34.56;9;31.44;40.16;5;7.44;37.44;3;105.2;7197.227635;0.557537913;25.80839011;0.821141838;0.69482399;44;33;20;11;17;33;9;10;24.47;83.21;10.84;83.17;78.425;4.35;21.325;2.975;13.50625;7.995;68.15;4.2375;24.29625;71.9625;5.2625;22.35;2.75;6.86375;6.155;62.175;5.2875;23.04625;109;164;223;233;283;242;289;265;185;258;306;261;288;321;258;218;325;313;343;259;292;281;295;283;259;0.085657371;37.615;19.995;4.758034959;40;10;20;0;0;0;0;100;80;100;50;18;52.8;6;0;6.48;16.56;22.48;18.32;405;3.1008;2.8152;3.18864;5.19792;;;;;
236;w;sca1_w17;02.08.2017;27.11.2017;16.7;28.9;25.15;0;1881.45;89.44;8;11.04;64.72;12;16.32;40.08;3;4.4;16.24;2;52.8;5307.901913;0.566540769;27.24173635;0.77471673;0.585814796;14;10;8;5;12;13;9;9;13.55;92.73;11.25;96.21;81.025;4.425;17.9;2.7;23.42;6.085;67.675;4.15;28.825;73.8;5.35;15.2;2.7;6.185;5.97;61.15;5.05;34.155;254;257;128;113;208;216;204;181;225;286;389;360;392;314;305;239;336;289;230;291;84;228;146;287;102;0.171314741;45.025;21.75;8.825047872;50;20;40;40;60;50;10;20;80;30;40;1;351.04;0;0;0;1.92;0;2.72;403;2.6624;2.2592;;;;;;;
237;tg+;sca1_w17;02.08.2017;27.11.2017;16.7;22.4;21.7;0;927.475;39.84;4;24.48;35.6;3;279.6;19.12;1;0;0;0;0;3632.078668;0.70228838;30.4665817;0.963119307;0.897098365;23;28;11;2;2;6;2;7;16.99;73.25;10.21;84.79;78.1;4.2;14.5;2.4;8.825;9.32;63.45;4.2;22.37;66.26666667;5.35;16.15;2.266666667;11.075;6.466666667;62.36666667;5.3;21.06333333;45;73;77;62;69;141;144;97;98;139;104;131;129;126;104;116;93;110;102;73;100;70;157;84;134;0.001992032;59.155;60.12;82.26047904;30;20;10;0;0;10;10;90;100;100;60;6;0.08;55.36;44.8;55.36;60;41.2;60;369;;;2.690526316;4.831578947;;;;;
238;tg+;sca1_w17;02.08.2017;27.11.2017;16.7;20.5;20.2;0;1434.82;134.16;8;0.32;16.96;2;64.56;1.2;2;123.6;0;0;0;3310.117154;0.677361854;29.37728256;0.920900178;0.882443985;44;38;7;14;14;34;4;9;4.06;167.4;3.16;219.46;83.125;4.15;18.025;2.05;12.3675;10.17;74.25;4.05;29.62;83.15;5.033333333;17.05;2.233333333;10.15666667;9.346666667;64;5.05;20.26333333;79;111;70;98;93;153;112;137;108;116;125;92;110;243;172;123;187;127;146;109;83;101;140;97;99;0.001992032;60.12;60.12;90.56886228;50;70;50;20;60;10;20;40;60;70;30;9;0.08;35.6;48.64;54.88;60;60;60;357;2.462254545;2.448872727;2.652631579;4.547368421;;;;;
319;tg+;sca1_w26;29.05.2017;27.11.2017;26;22;21.1;0;879.514;46.48;3;0.88;243.28;4;29.84;0;0;0;0;0;0;2118.821248;0.835369918;31.712685;0.998000444;0.998170595;2;0;1;4;0;1;3;2;6.97;124.13;4.88;175.38;88.35;4.4;17.1;2.6;7.87;25.69;65.65;4.7;30.48;79.225;5.7;18.625;2.15;6.6775;9.7;61.775;5.9;16.205;20;78;70;88;67;90;70;86;81;50;65;98;86;104;61;67;109;108;137;117;91;71;128;76;88;0.252988048;54.075;57.33;65.09124608;10;50;90;30;10;20;30;90;80;50;60;16;0.08;38.16;34.8;55.84;37.84;60;56.16;401;1.999644444;2.317155556;2.8544;4.6784;;;;;
320;tg+;sca1_w26;29.05.2017;27.11.2017;26;22.1;21.8;0;1490.81;73.2;13;8.64;38.16;4;1.6;13.52;2;269.44;32;3;189.36;4171.956029;0.656945681;28.56654937;0.864870882;0.788077442;30;50;24;27;26;40;9;9;6.85;130.46;5.18;176.79;80.525;3.5;13.025;2.25;23.855;14.52;62.325;4.05;30.0975;82.5;5.15;12.4;2.25;16.0425;11.345;66.475;4.775;36.6175;84;96;83;68;64;100;75;105;57;97;89;143;112;138;97;92;102;120;82;123;116;92;102;112;152;0.075697211;51.685;50.685;48.61803379;80;70;90;50;60;70;80;40;50;50;30;14;0.08;29.36;32.8;42.08;43.04;60;32.32;404;1.614;1.818;2.991161905;4.704914;;;;;
321;w;sca1_w26;26.05.2017;27.11.2017;26.4;24.7;23;0;1307.48;56.96;10;26.8;130.24;16;90.24;2.72;1;335.52;0;0;0;4828.198175;0.551116071;26.32633452;0.7875;0.765263381;24;7;12;11;10;2;9;9;13.11;142.88;9.32;193.67;75.375;5.35;19.175;2.25;13.31;7.265;59.625;5.15;24.5175;71.55;5.8875;16.6125;1.95;9.3675;27.85;61.6;6.1625;17.26875;57;42;86;170;155;182;183;241;211;210;196;213;254;218;246;228;201;218;237;213;197;211;295;195;286;0.193227092;38.015;13.635;8.044786781;30;20;10;20;10;0;0;60;50;10;0;16;17.84;18.32;38.56;7.92;20.4;42.48;38.72;414;;;;;;;;;
310;w;sca1_w17;04.09.2017;08.01.2018;18;30.5;29.3;0;1778.13;63.2;8;10.24;188.72;12;0.08;0;0;0;0;0;0;3726.089627;0.542323928;26.17817914;0.827593868;0.732171689;20;21;8;14;7;13;10;19;18.42;73.67;12.82;77.42;75.51666667;4.983333333;22.85;2.7;27.43166667;12.47666667;68.21666667;4.95;21.31666667;74.65;6.283333333;17.71666667;2.566666667;12.88;10.44333333;64.15;6.216666667;17.69;28;68;132;107;109;113;200;141;162;148;158;157;167;223;198;240;272;306;184;189;183;236;157;144;165;0.169322709;50.445;17.85;43.01000193;90;40;0;10;10;10;0;90;90;30;30;16;0.08;3.6;0.24;26.32;27.84;11.68;32.72;423;3.296266667;2.6696;3.446666667;5.9;;;;;
311;tg+;sca1_w17;04.09.2017;08.01.2018;18;22.9;22.3;0;823.412;255.44;11;1.36;0.24;1;53.2;0;0;0;0;0;0;1526.575427;0.812041768;34.12240558;0.989780049;0.96194304;11;3;3;1;4;5;0;2;9.87;88.73;3.24;159.75;74.25;3.9;11.25;1.9;18.065;31.41;63.65;4.3;13.24;65.475;4.7;15.65;2.25;12.74;8.475;63.1;4.65;23.66;122;141;102;97;82;67;123;58;63;43;68;54;43;75;68;66;62;59;73;101;65;93;54;70;51;0.001992032;58.62;59.64;72.04317378;70;60;80;50;30;60;70;0;10;0;0;8;2.32;19.6;0.56;17.12;12.72;10.8;22.24;346;;;2.674823529;4.545882353;;;;;
312;tg+;sca1_w17;04.09.2017;08.01.2018;18;24;23.8;0;1203.94;89.84;5;0;59.52;4;17.76;15.04;4;113.52;14.4;5;37.84;1513.078577;0.545980851;23.4720681;0.917167669;0.796837591;18;23;11;6;24;15;5;5;6.45;83.48;4.7;120.88;78.85;4.75;16.95;2.1;13.885;12.79;64.95;4.4;25.15;66.375;6.15;16.175;2.2;5.0225;5.26;63.6;6;15.4775;49;53;27;91;77;60;69;57;51;49;43;58;44;52;51;29;163;105;89;110;188;86;110;157;63;0.077689243;44.595;42.14999988;40.25422806;30;10;10;20;20;10;10;70;80;100;90;1;11.2;2.16;0;0;0;0;0;369;;;;;;;;;
317;tg+;sca1_w17;06.09.2017;08.01.2018;17.7;24;22.5;0;1198.71;42.88;2;55.84;162.24;6;4.48;0;0;0;12.96;1;232.08;3120.281219;0.547433904;27.21840698;0.795156632;0.791344725;10;14;5;6;2;1;0;1;17.22;83.02;12.25;95.63;80.75;4.6;12.71666667;1.9;9.423333333;24.99333333;67.56666667;4.4;14.19666667;78.425;5.85;10.375;2.05;12.4525;6.71;65.675;5.975;12.8125;41;45;50;44;69;80;72;58;110;54;129;122;101;66;117;80;123;66;26;93;59;73;138;79;42;0.001992032;55.555;60.12;74.10179641;60;80;80;80;10;20;10;90;90;90;40;5;0.08;38.4;60;60;60;60;47.04;386;2.8552;2.76576;2.855529412;5.196444444;;;;;
318;tg+;sca1_w17;06.09.2017;08.01.2018;17.7;24.5;23.8;0;820.564;157.92;4;111.44;25.36;7;26.56;0;0;0;0;0;0;3948.821951;0.56634016;26.70016874;0.909839715;0.842090063;3;0;11;4;4;2;0;0;18.01;90.69;11.55;86.88;86.68333333;4.833333333;13.01666667;2.033333333;8.353333333;27.64;63.98333333;4.233333333;35.98;81.55;6.175;10.575;2.35;13.67;48.575;63.95;6.3;34.9125;7;33;29;58;53;75;56;55;53;30;52;71;70;60;50;55;56;52;86;43;49;104;85;74;93;0.093625498;50.045;51.34499988;64.33100738;90;100;100;70;90;100;100;0;0;0;0;10;0.08;22.48;18.4;33.84;19.12;7.2;5.28;379;2.522472727;2.549236364;2.644266667;4.508705882;;;;;
316;tg+;sca1_w17;10.09.2017;08.01.2018;17.1;25.6;24.4;0;871.264;150.88;5;59.52;83.68;3;6.56;0;0;0;0;0;0;5099.996017;0.57987114;27.74220548;0.911797378;0.849797599;36;38;12;17;12;38;26;3;21.19;94.79;13.95;96.88;76.825;4.725;23.35;2.6;18.095;17.29;68;4.225;26.24;76.35;5.65;20.55;2.3;17.28;15.23;64.7;5.275;20.455;119;81;125;112;114;137;87;162;112;92;154;157;169;184;169;130;192;157;135;120;200;210;158;183;212;0.001992032;44.485;39.465;56.78435445;60;40;80;70;30;0;0;100;60;20;20;5;0.08;7.76;19.28;41.76;60;49.2;28.56;406;3.136;2.926933333;;;;;;;
356;tg+;sca1_w10;25.10.2017;08.01.2018;10.7;20;19.8;0;2131.32;91.36;13;7.12;95.84;10;2.32;0;0;0;0;0;0;1854.480277;0.590595052;26.24016171;0.902607533;0.791312303;45;38;1;17;44;36;3;9;12.81;79.75;6.22;84.08;88.2;4.4;15.55;2;15.13;41.71;63.4;3.25;48.995;83.9;5.7;15.6;2;19.885;35.63;64.45;5.7;40.025;62;133;88;58;113;101;131;104;86;77;104;80;81;99;72;58;74;100;109;114;22;124;128;99;129;0;59.405;60.12;86.47704591;100;50;70;40;10;0;40;90;40;50;50;12;0.08;29.68;32.64;47.04;41.04;45.36;56.4;393;2.953309091;2.549963636;;;;;;;
355;w;sca1_w10;25.10.2017;08.01.2018;10.7;25.12;25.47;0;997.423;149.52;4;82.48;38.72;4;2.8;0;0;0;0;0;0;6522.89156;0.627860475;28.0186852;0.908686958;0.847853175;41;47;31;46;31;30;7;13;18.86;83.46;11.3;93;80.61666667;4.516666667;19.81666667;2.266666667;11.46333333;23.30333333;70.46666667;4.266666667;31.295;79.98333333;5.5;17.41666667;1.9;7.156666667;17.85333333;64.2;5.283333333;21.3;153;161;138;190;283;224;257;269;228;264;310;324;283;203;237;304;259;298;281;284;325;323;200;264;367;0.229540918;42.765;16.33499988;30.45841138;60;10;0;0;0;10;0;100;90;70;50;15;7.04;11.2;4.88;25.36;17.52;34;50.72;355;2.677672727;2.421236364;2.77448;4.74632;;;;;
370;tg+;sca1_w06;14.12.2017;22.01.2018;5.6;18.18;19.78;0;1407.73;78.16;5;0;131.12;6;29.2;0;0;0;5.36;1;241.76;4901.219101;0.63441819;29.2262731;0.918189924;0.815853134;54;40;5;4;14;15;0;1;;;;;78.43333333;3.8;18.66666667;2.033333333;15.625;34.32;69.75;3.8;19.36833333;77.05;5.375;16.275;1.75;12.835;33.335;60.325;5.25;23.1375;142;157;175;129;139;78;139;160;156;108;125;95;143;151;131;147;134;149;80;93;139;66;69;162;97;0.086;57.17;59.835;70.31975446;70;60;10;0;0;0;0;100;100;100;90;3;9.68;7.04;0;3.28;42.96;60;60;335;2.7392;2.6176;2.4635;4.68;;;;;
363;w;sca1_w10;08.11.2017;22.01.2018;10.7;26.5;26.22;0;1482.94;191.28;12;0.64;27.2;6;46.72;0;0;0;0;0;0;2258.566561;0.771384137;29.79910698;0.897800489;0.770596122;6;11;6;7;6;8;8;4;25.38;99.52;13.84;112.04;86.4;4.35;24.3;2.5;15.3925;7.85;66.85;4.65;24.59;78.4;5.833333333;17.18333333;2.233333333;9.215;9.93;62.56666667;5.716666667;32.01333333;42;69;81;89;82;109;33;72;100;116;56;25;138;75;113;109;95;86;116;103;103;133;114;150;137;0.205588822;36.235;8.354999875;5.143227552;90;20;10;0;0;0;0;70;50;40;0;8;5.84;3.28;8.32;5.12;2.96;12.96;6.48;375;2.726981818;2.214109091;3.27376;4.81;;;;;
364;tg+;sca1_w10;08.11.2017;22.01.2018;10.7;22.6;21.39;0;1414.06;160.88;6;19.04;95.68;7;26.88;0;0;0;6.64;1;200.08;3097.466119;0.76849589;28.7380396;0.968451455;0.891460607;16;25;9;8;4;20;29;11;22.3;94.48;19.84;95.04;83.75;4.05;17.5;1.8;10.19;32.9;71.5;3.6;36.82;75.1;5;17.75;2.1;6.2;9.39;74.35;4.5;52.235;119;20;97;88;85;149;208;214;209;174;127;140;169;219;185;196;197;135;162;155;136;142;216;161;237;0.269461078;60.1;56.17499988;71.43779674;50;40;10;0;0;0;0;90;50;80;30;9;0.08;31.44;31.04;22.08;11.68;0;0;349;;;2.824;4.0192;;;;;
365;tg+;sca1_w10;08.11.2017;22.01.2018;10.7;21.2;21.65;0;1141.55;64;5;0.8;60.24;3;13.52;0;0;0;20.24;1;110.48;2192.386051;0.572447615;27.85655836;0.951404369;0.867660342;27;19;11;18;16;13;10;9;29.29;100.69;18.07;102.25;78.65;4.05;17.55;2.2;18.59;27.7;60.8;3.6;19.98;66.01666667;5.45;15.15;1.9;21.36833333;41.05;64.06666667;5.433333333;32.02333333;5;18;14;48;58;129;45;66;116;98;92;46;55;81;51;74;70;93;64;50;34;77;90;66;66;0.183632735;59.23;54.20999988;74.52734733;50;60;20;0;0;0;0;80;100;90;100;13;0.32;23.6;13.76;19.36;53.2;36.64;60;376;2.1216;2.29008;2.456;3.7824;;;;;
366;w;sca1_w10;08.11.2017;22.01.2018;10.7;26.7;25.97;0;1365.32;114.96;7;20.24;19.52;4;14.16;15.2;2;0.96;14.8;1;140.4;4246.677611;0.657631637;25.72774928;0.872250611;0.701860382;28;45;41;26;28;27;19;29;13.36;86.65;8.42;114.13;79.55;4.575;19.5;2.25;10.7325;39.265;71.325;4.65;12.505;70.43333333;6.2;16.53333333;2.166666667;10.715;22.32333333;63.68333333;5.983333333;15.47833333;162;132;131;162;151;250;71;125;265;209;298;288;284;270;241;231;209;258;376;355;322;178;296;369;231;0.28742515;32.36999996;9.84;3.489363878;70;20;10;0;0;0;10;100;100;30;20;5;254;0;0;0;0;7.92;21.84;399;2.00032;1.77536;3.616;5.664;;;;;
323;tg+;sca1_w17;21.09.2017;22.01.2018;17.6;24.6;24.1;0;450.556;44.08;3;170.64;8.4;3;342.48;0;0;0;0;0;0;1521.055765;0.20573206;18.73283587;0.353921351;0.637742406;24;20;1;17;18;13;1;0;10.66;63.88;4.18;73.42;81.4;5.05;21.75;2.4;10.115;19.81;62.6;4.35;43.505;80.325;5.65;21.9625;2.025;8.98875;17.7775;65.0125;5.925;24.3825;80;56;58;71;87;102;146;166;107;124;85;151;146;96;133;124;143;134;87;134;126;156;176;179;200;0.268924303;54.005;42.68999975;43.96337128;50;0;0;0;0;0;0;100;100;100;100;8;1.12;33.76;45.68;46.48;60;60;32.64;382;2.466666667;2.420622222;3.011555556;4.921777778;;;;;
325;tg+;sca1_w17;21.09.2017;22.01.2018;17.6;23.6;22.7;0;1096.69;37.68;4;36.08;102.16;6;5.6;0;0;0;0;0;0;2267.40871;0.77767877;28.76691978;0.97794609;0.931156616;7;11;4;7;13;6;7;3;13.5;84.31;6.65;94.75;76.725;4.525;17;1.95;11.69625;17.815;70.625;4.475;15.03625;67.7125;6.15;15.725;2.025;11.81375;5.135;65.8375;6;19.8925;47;62;78;85;79;106;74;129;85;110;72;96;68;71;64;59;50;59;61;59;64;35;97;129;69;0.249488753;60.12;60.11999988;63.5229541;70;10;40;30;10;0;0;100;100;80;60;8;8.24;19.84;32.96;54.4;60;60;60;352;2.84928;2.80224;2.7232;4.530357895;;;;;
372;tg+;sca1_w06;14.12.2017;22.01.2018;5.6;18.2;19.67;0;1559.78;89.04;8;0;78.64;8;6.16;24.64;1;159.52;0;0;0;3652.514918;0.700510998;27.85936125;0.937569429;0.843196091;18;18;8;4;9;14;7;5;;;;;76.53333333;4.233333333;22.6;1.9;13.00666667;27.26;70.46666667;4.033333333;25.51333333;70.98333333;4.7;21.18333333;2;12.92666667;29.53;70.51666667;4.733333333;21.75833333;176.6;138;104;101;135;103;104;86;71;160;80;157;161;154;132;161;171;130;169;161;151;169;105;134;162;0;55.395;48.70499988;53.78074513;50;40;30;20;10;0;0;100;90;100;100;7;0.08;1.2;0;35.84;35.76;39.36;51.52;358;2.72;2.5984;2.600457143;5.491428571;;;;;
373;w;sca1_w06;14.12.2017;22.01.2018;5.6;20.64;24.79;0;1813.9;76;9;112.4;135.28;12;16.8;0;0;0;9.84;1;4.8;5001.758245;0.579826319;26.91274588;0.811177911;0.700963135;29;39;12;8;11;22;9;9;;;;;76;5.1;21.25;2;16.435;27.36;67.8;5;25.355;66.51666667;5.65;19.76666667;2.2;12.26333333;22.01666667;63.48333333;5.816666667;20.82;32;103;80;99;89;135;169;175;175;162;190;198;135;138;168;175;198;203;243;202;246;190;183;191;203;0.158;34.035;13.605;19.73205985;40;40;20;0;10;10;0;80;30;0;0;8;14.08;7.6;1.68;0.4;0;0;0.8;381;3.354;2.712909091;2.672;4.85;;;;;
345;w;sca1_w17;16.10.2017;19.02.2018;18;29.2;28.1;0;1764.3;101.04;10;17.92;51.76;8;35.84;43.28;3;130.08;10;1;175.52;5466.220171;0.56431904;26.70171884;0.830926461;0.69689342;35;25;40;35;16;28;16;58;14.76;75.19;5.03;135.54;76.825;4.175;14.8875;2.1;23.83;9.6875;67.6375;4.1625;25.62375;76.41666667;5.566666667;15.8;2.333333333;18.44833333;9.036666667;64.56666667;5.416666667;25.87;86;94;59;121;141;117;147;157;96;169;152;183;195;163;168;186;140;138;180;185;176;150;175;150;168;0.071713147;49.37;22.41;38.86028211;30;20;10;0;10;0;0;70;70;80;60;12;68.24;0.32;9.44;11.12;33.44;39.44;35.44;389;2.7072;2.4896;3.302844444;5.502577778;;;;;
346;tg+;sca1_w17;16.10.2017;19.02.2018;18;23.2;22.8;0;907.023;166;7;16.56;43.84;2;266.64;0;0;0;14;1;312.32;1260.38581;0.76538547;31.88885154;0.974894468;0.903056442;8;6;7;1;1;3;1;1;9.93;108.94;5.1;160.79;;;;;;;;;;;;;;;;;;;67;67;71;83;78;69;99;88;88;132;79;85;90;90;70;89;84;77;56;94;69;89;87;64;68;0.001992032;57.645;57.12;69.14990617;70;80;50;40;80;40;50;20;40;30;30;5;5.36;9.28;11.36;0;0;0;0;357;2.6496;2.984145455;2.690947368;4.960421053;;;;;
347;w;sca1_w17;16.10.2017;19.02.2018;18;29.3;28.6;0;1965.07;82.32;10;17.76;67.12;10;69.76;5.6;1;42.08;46.24;5;2.64;4852.287727;0.592551293;27.44837574;0.907225691;0.840254355;47;30;19;16;27;20;21;21;18.01;98.23;5.37;150.29;75.55;4.25;18.525;2.15;15.585;10.385;67.35;4.075;23.0775;73.05;5.283333333;17.95;2.1;12.20333333;8.6;63.18333333;5.083333333;28.63333333;128;64;122;90;147;91;149;137;186;187;207;198;213;197;237;145;198;146;142;200;194;225;231;226;281;0.113545817;38.515;24.075;11.34050147;50;40;30;10;0;0;0;100;80;20;10;12;14.16;25.36;25.28;28.24;35.52;3.76;0;385;3.0176;2.600533333;3.126315789;5.273684211;;;;;
337;w;sca1_w17;18.10.2017;19.02.2018;17.7;28.5;28.4;0;2103.69;83.76;13;4.48;73.92;9;32.56;27.36;2;128.8;29.68;3;188.56;7598.868097;0.464785603;25.72878072;0.815596534;0.747145368;39;49;33;47;33;21;25;27;13.51;83.65;6.52;100.33;79.33333333;4.133333333;18.01666667;2.566666667;22.70333333;13.98666667;68.3;4.25;30.39;73.08333333;5.333333333;18.03333333;2.433333333;9.625;6.56;65.71666667;5.35;24.06333333;184;264;142;250;217;138;260;210;225;235;186;168;240;170;227;173;207;276;189;143;241;287;274;187;206;0.131474104;40.75;41.895;21.40992528;30;40;30;0;0;0;0;90;30;10;0;12;5.52;47.44;39.6;48.4;47.52;54.32;50.16;418;;;;;;;;;
338;w;sca1_w17;18.10.2017;19.02.2018;17.7;26.7;26.6;0;1808.88;47.28;5;25.44;101.12;10;16.56;18.08;2;222.16;27.28;4;122.4;5947.00837;0.621964803;27.63185343;0.901759857;0.793997269;28;27;6;2;13;11;0;0;13.22;101.42;4.61;165.63;75.41666667;4.1;17.31666667;2.333333333;17.45833333;14.26333333;63.08333333;3.733333333;30.80666667;74.175;5.225;17.525;2.25;9.395;10.495;62.175;5.175;22.1975;190;199;199;22;280;101;250;76;290;333;339;348;433;186;375;326;206;258;333;430;336;369;351;439;344;0.227091633;37.18833333;40.83;8.09925606;10;30;10;10;0;0;0;90;30;20;0;8;10.08;10.96;13.84;15.12;0.96;2.08;0;398;2.945422222;2.452266667;3.2896;5.3952;;;;;
339;w;sca1_w17;18.10.2017;19.02.2018;17.7;27.1;26.7;0;1719.16;57.2;7;117.92;81.28;13;1.28;15.28;1;165.68;19.2;1;96.4;5907.88419;0.483003777;26.11578491;0.714063541;0.656007162;27;53;29;18;31;20;29;10;16.25;102.79;5.84;121.21;79.5625;4.075;14.325;2.35;20.305;10.68;70.7625;4;27.09625;73.21666667;5.416666667;13.95;2.566666667;15.94;8.083333333;65.3;5.216666667;35.12833333;99;198;179;181;95;144;188;166;135;185;224;214;206;242;237;216;223;212;237;217;244;305;176;246;90;0.185258964;34.74333333;15.645;6.918243235;50;20;0;10;0;0;0;80;30;0;0;10;28.56;16.72;33.2;38.4;46.8;29.76;58.72;403;2.43984;2.25888;3.174552381;4.837714286;;;;;
331;tg+;sca1_w17;18.10.2017;19.02.2018;17.7;21.7;21.9;0;516.529;129.12;2;230.32;0;0;0;0;0;0;0;0;0;1663.684951;0.636303044;27.37228665;0.934014663;0.939013079;5;2;9;19;4;2;0;4;11.45;100.19;5.59;147.88;80.25;4.2;16.45;2.3;17.385;8.28;62.85;4.15;42.92;76.9;5.88;12.18;2.12;21.605;6.298;65.31;5.47;20.92;98;130;96;108;100;81;89;99;73;55;121;137;121;93;24;86;118;107;93;172;138;89;125;71;160;0.001992032;55.02999996;49.695;51.22734466;0;0;0;0;0;0;0;100;100;90;80;8;0.08;50.08;40.88;42.56;20.32;50.88;25.92;356;2.208888889;2.283555556;2.537066667;4.644977778;;;;;
332;w;sca1_w17;18.10.2017;19.02.2018;17.7;26.14;26;0;2169.27;56.08;8;37.76;69.68;6;22.64;29.68;4;14.88;15.76;2;4.88;7936.065894;0.579228883;26.71132645;0.875417874;0.772906281;31;27;16;32;;;22;22;32.71;117;12.95;114.04;76.5875;3.725;15.5875;2.125;24.10375;8.1525;62.9625;4.075;33.58875;77.7;4.716666667;10.75;2.2;22.93333333;12.68;66.65;5.05;35.16;100;140;135;182;230;228;153;208;260;247;206;223;219;239;274;218;236;187;251;191;224;235;255;287;223;0.195219124;45.45;6.3;2.308097509;50;20;0;0;0;0;0;100;30;0;0;16;27.28;16.56;18.64;20.48;28.08;53.68;40;381;2.905454545;2.420072727;3.1086;5.3557;;;;;
387;tg+;sca1_w06;19.01.2018;05.03.2018;6.4;17.9;19.27;0;2033.49;64.64;10;9.92;102.16;14;5.28;7.12;1;59.04;11.44;2;41.92;4806.924377;0.514330149;26.73763554;0.880471006;0.817548734;44;41;41;19;31;31;32;27;23.06;79.1;11.8;84.96;75.45;3.35;21.06666667;2.133333333;13.34833333;17.86333333;68.03333333;3;30.405;72.11666667;4.416666667;19.63333333;2.1;13.31166667;8.286666667;68.13333333;4.316666667;33.045;137;73;164;95;184;136;144;257;172;130;131;130;187;146;160;141;109;218;172;163;136;94;211;110;95;0;54.41999996;34.60499975;62.61195144;100;80;50;0;10;0;0;70;90;90;90;14;0.08;26.16;60;22.24;17.52;14.48;24;364;;;;;;;;;
388;tg+;sca1_w06;19.01.2018;05.03.2018;6.4;18.2;20.5;0;2381.61;53.84;10;23.44;68.8;13;19.28;31.76;7;4.16;12.24;2;11.6;6869.935667;0.598216276;28.06337931;0.877591973;0.764088825;22;31;32;25;27;22;12;24;16.83;72.63;7.29;78.46;82.3;4.1;20.2;2.3;16.315;7.97;65.25;4.2;24.64;75.85;4.633333333;20.16666667;2;8.273333333;16.08333333;67.51666667;4.45;31.74833333;66;49;229;179;178;284;299;346;318;219;275;268;365;317;236;302;319;329;282;280;245;382;195;191;199;0.572;38.62;41.27999975;12.14423681;70;40;60;40;20;30;10;20;0;0;0;12;80.72;0;10.24;20;0.8;9.76;29.04;388;4.17;3.86;2.86275;4.5825;;;;;
389;tg+;sca1_w06;19.01.2018;05.03.2018;6.4;21.6;22.54;0;1252.17;104.88;7;7.28;108.8;8;14.08;5.92;1;259.04;0;0;0;4091.68346;0.611641857;27.32638124;0.788713619;0.74178399;31;23;2;3;18;19;10;2;20.56;74.35;12.07;77.08;74.55;4.133333333;23.16666667;2.266666667;12.08;10.24333333;74.25;4.116666667;12.685;72.46666667;4.433333333;13.7;2.033333333;17.81833333;21.58333333;65.53333333;4.283333333;28.90333333;116;133;145;137;156;126;120;138;105;91;79;94;112;99;67;189;97;102;99;77;95;78;76;72;75;0.15;52.99;43.37999975;60.7126628;10;0;0;10;30;0;10;100;100;100;100;9;0.08;37.52;49.52;56.88;35.2;1.12;26.88;376;2.823111111;2.417777778;2.513223529;4.532894118;;;;;
390;w;sca1_w06;19.01.2018;05.03.2018;6.4;25.5;26.15;0;2138.37;52.24;10;8.96;81.92;11;5.76;24;3;94.4;30.72;4;63.36;4628.754023;0.610048911;28.20669798;0.787016452;0.697498235;52;29;39;21;33;32;17;25;20.75;91.88;10.6;99.25;79.5;4.25;21.61666667;2.266666667;13.54333333;5.063333333;73.3;3.833333333;25.13833333;71.56666667;4.916666667;20.58333333;2.3;11.45666667;12.37666667;69.68333333;4.883333333;12.76666667;145;146;113;83;99;71;140;70;101;137;76;72;106;145;112;85;89;140;67;82;91;132;137;115;47;0;57.7;59.475;75.56738369;60;20;30;10;10;0;10;70;80;20;0;11;11.84;16.72;55.92;33.12;49.76;0.88;0;368;2.857018182;2.468945455;;;;;;;
396;tg+;sca1_w06;22.01.2018;05.03.2018;6;14.84;18.84;0;1084.91;125.6;5;1.12;31.04;2;217.84;0;0;0;2.48;2;80.08;1951.557737;0.779359431;31.2460732;0.961076512;0.864332285;15;9;0;1;9;1;0;1;9.82;79.15;5.47;94.08;74.35;3.55;27.8;2.35;18.56;6.51;73.6;3.65;23.31;68;4.116666667;20.96666667;1.966666667;12.70333333;40.65333333;65.3;4.133333333;14.25166667;101;186;135;132;152;102;60;204;193;237;76;164;150;147;112;103;182;198;143;121;231;65;155;189;179;0;45.07999996;40.02;48.53242447;80;80;30;20;0;10;0;40;20;0;10;13;11.28;2.64;3.6;23.6;21.84;47.2;32.88;391;;;;;;;;;
397;tg+;sca1_w06;22.01.2018;05.03.2018;6;18.57;17.54;0;1106.75;144.64;4;4;39.6;4;16.8;0;0;0;12.88;2;99.04;4482.961776;0.61497445;28.62722171;0.895356587;0.862887601;39;40;4;2;9;16;14;11;19.4;90.81;12.07;88.54;80.7;4.2;23.55;2.1;5.43;6.23;71.95;4.35;26.02;70.925;5.1;19.45;2.05;9.575;10.235;66.8;5.15;20.2075;131;85;125;130;133;74;140;108;103;139;96;123;151;104;81;87;80;106;150;122;136;134;44;106;167;0.328;56.195;41.95499975;55.25528969;50;60;30;10;0;0;0;60;100;60;50;8;37.12;8.56;44.4;27.76;46.96;7.76;56.8;371;2.9312;2.56;2.500235294;4.6368;;;;;
398;tg+;sca1_w06;22.01.2018;05.03.2018;6;18.5;19.18;0;1668.6;85.44;10;1.04;139.76;8;18.24;0;0;0;0;0;0;5560.234467;0.647623298;28.54470667;0.918544968;0.846813694;30;23;6;6;20;7;5;6;15.27;74.27;9.89;81.58;76.35;3.6;14.65;2.233333333;17.94166667;33.42333333;72.25;3.533333333;19.77;70.2;4.725;15.05;2.25;10.6975;5.615;68.875;4.675;16.895;86;70;208;161;129;150;93;104;88;115;162;106;204;169;195;156;204;192;203;213;207;228;241;206;172;0.186;51.90499996;54.54;51.55879855;70;70;50;40;0;20;0;90;90;90;90;11;7.12;25.04;21.92;34.64;11.92;50.72;11.52;380;;;;;;;;;
399;tg+;sca1_w06;22.01.2018;05.03.2018;6;17.04;19.11;0;1537.01;28.56;6;93.68;128.96;6;14.48;7.6;1;155.52;23.36;3;141.36;3544.733474;0.57053988;27.21085968;0.880915352;0.793303731;29;20;2;6;8;11;4;8;6.36;103.79;3.17;177.92;74.35;4.2;21.85;2.2;14.86;10.19;71.75;4;20.575;68.63333333;4.75;20.63333333;2.333333333;11.64833333;8.796666667;69.21666667;4.716666667;20.49666667;94;86;84;87;85;89;83;91;102;97;94;92;184;101;142;144;93;136;162;149;139;112;115;105;168;0.09;54.57;51.01499988;62.31866394;80;70;50;10;0;0;0;80;30;0;0;14;3.6;26.16;43.36;49.52;51.84;10.8;0;356;;;;;;;;;
382;w;sca1_w10;02.01.2018;19.03.2018;10.9;24.8;26.22;0;2322.77;42.72;9;20.32;85.44;12;7.28;37.04;7;0;23.12;7;60.16;5395.256897;0.492081196;25.06835294;0.751059558;0.578065582;10;13;5;5;10;8;5;3;19.92;94;12.32;125.67;77.8;4.7;18.65;2.2;6.77;42.12;67.75;4.6;22.19;74.45;5.2;17.425;2.2;11.25;20.52;64.725;5.175;35.265;102;143;160;132;189;82;129;95;101;169;128;125;92;67;157;88;83;120;213;146;98;125;106;117;245;0.25748503;41.215;17.66999975;2.157810051;70;10;20;10;0;0;0;100;90;20;10;13;124.4;0;0;23.36;22.96;21.04;31.12;374;2.35616;2.03056;3.0208;4.8;;;;;
383;tg+;sca1_w10;02.01.2018;19.03.2018;10.9;20.8;20.4;0;1513.95;72;9;9.52;158.64;11;0.16;0;0;0;0;0;0;4445.585847;0.493890247;26.46812469;0.834481226;0.827698267;39;39;0;0;9;8;0;0;20.73;77.92;11.71;85.13;82.575;4.05;15.45;1.65;20.1325;64.68;65.775;3.75;35.335;80.78333333;4.983333333;18.48333333;1.866666667;6.993333333;13.63;72.93333333;5.116666667;18.355;141;63;128;143;155;88;124;222;143;109;149;116;153;121;151;186;115;167;171;45;173;157;119;125;130;0.107784431;49.59;37.21499975;55.70127735;40;60;40;20;10;0;0;90;90;60;60;7;0.64;34.56;40.4;60;58;24.24;15.44;352;2.877090909;2.595636364;2.386189474;4.590821053;;;;;
384;tg+;sca1_w10;03.01.2018;19.03.2018;10.7;25.5;24.87;0;866.177;19.6;3;19.36;53.36;5;26.48;10.64;1;5.92;0;0;0;1637.444382;0.629266116;22.43834808;0.858130716;0.781949491;6;4;0;0;2;4;0;0;17.51;88.67;12.63;90.29;78;4.375;24.4;2;10.1025;24.1;71.5;4.225;21.35;72.85;4.533333333;18;2.233333333;21.52833333;13.48;71.81666667;4.516666667;24.34166667;92;80;70;64;91;92;87;71;112;123;141;167;156;148;102;87;152;136;106;98;143;135;196;179;160;0.023952096;59.95499996;42.06;71.85603831;70;30;10;10;10;0;0;20;10;0;0;4;0.48;44.88;48.32;49.6;60;60;60;378;2.677672727;2.576290909;2.7392;5.1456;;;;;
385;w;sca1_w10;03.01.2018;19.03.2018;10.7;27;27.92;0;2120.76;65.44;11;0;118.08;14;15.92;9.6;1;141.12;0;0;0;6520.599655;0.617862697;28.37174162;0.885358809;0.783009929;47;35;24;17;41;17;16;10;13.72;101.1;6.97;119.67;78;4.65;10;2.2;13.405;20.87;67.6;4.1;35.025;73;5.475;16.6;2.4;9.2825;8.35;69.225;5.475;14.5525;128;182;117;120;143;223;210;204;169;223;224;222;153;232;260;226;230;251;206;275;283;345;234;276;251;0.099800399;43.64499996;25.33499975;46.13687054;30;20;0;0;0;0;0;80;40;10;0;14;10.08;12.16;0;4.8;11.68;18.16;22.8;394;2.769866667;2.324933333;3.107368421;5.286315789;;;;;
386;tg+;sca1_w10;11.01.2018;19.03.2018;9.6;22.4;22.76;0;1475.34;78.08;5;15.28;116.08;7;87.2;11.36;1;191.2;31.84;2;163.52;5368.052515;0.58580674;27.06092866;0.914528007;0.822145663;21;46;7;24;16;25;8;10;19.54;84.6;11.83;78.96;;;;;;;;;;;;;;;;;;;27;22;32;91;76;136;117;127;119;127;184;170;136;123;62;122;91;166;186;123;111;139;62;156;136;0.20758483;57.28999992;50.56499963;57.17506054;80;70;100;100;60;90;90;10;0;0;0;11;8;14.64;34.4;37.68;38.32;60;25.92;357;3.0656;2.8032;2.742821053;4.720505263;;;;;
414;tg+;sca1_w10;23.03.2018;04.06.2018;10.4;23.7;26.7;0;1345.13;77.76;9;4.4;101.76;5;65.84;1.36;2;100.64;0;0;0;2741.931115;0.794712286;30.641002;0.975783159;0.942450615;24;12;3;2;16;13;0;0;12.89;71.73;7.27;75.71;74.05;4.55;21.25;2.3;31.805;14.32;68.5;4.1;19.535;81.5;5.15;19.85;2.3;17.275;10.6;63.9;5.65;23.965;149;100;114;120;81;167;160;122;97;67;141;118;134;154;101;56;73;78;166;77;187;107;117;113;171;0.055888224;56.91499983;55.305;60.75504973;40;20;30;10;60;40;20;60;40;0;0;9;10.72;18.4;24.64;0;0;16.72;34.08;406;2.0592;1.818666667;2.9072;5.31512;;;;;
415;tg+;sca1_w10;23.03.2018;04.06.2018;10.4;24.2;22.9;0;1577.04;107.76;7;7.52;134.8;5;0;9.28;1;166.48;28.4;3;79.6;1774.579203;0.641408513;24.50507092;0.644528638;0.711670357;39;38;42;6;16;17;9;1;6.06;82.31;4.23;102.08;78.4;3.775;15.325;2.4;11.6325;9.89;70.5;3.775;14.135;72.98333333;5.3;14.48333333;2.533333333;17.05833333;9.906666667;69.43333333;5.316666667;14.17333333;141;117;95;142;74;59;119;136;166;138;148;211;240;179;118;112;143;196;170;125;154;151;105;181;166;0.095808383;54.51499992;42.405;57.65933943;80;50;90;90;30;40;20;70;60;20;10;11;25.12;10.32;0;3.28;9.76;15.2;42.96;387;3.2256;2.784;3.113431579;4.926315789;;;;;
416;w;sca1_w10;23.03.2018;04.06.2018;10.4;26.9;25.86;0;2616.07;67.36;11;28.8;53.52;11;35.76;48.32;7;0;54.48;6;7.2;6356.403877;0.464707192;27.09857622;0.788243153;0.712701377;44;62;32;30;21;28;11;18;23.37;84.92;10.02;113.08;76.7;4.1;19.05;2;27.58;26.85;70.3;3.95;32.53;69.35;5.9;19.2;1.7;8.25;38.25;63.2;6.05;18.01;34;36;77;96;80;59;68;152;101;120;41;60;79;51;75;113;53;60;145;107;115;54;91;106;114;0.243512974;35.98499988;23.74499988;39.21452151;30;20;0;0;0;10;0;90;60;10;0;10;10.64;3.2;0;0;20.8;33.04;39.36;435;3.220061538;2.705353846;3.197082353;5.650070588;;;;;
417;w;sca1_w10;23.03.2018;04.06.2018;10.4;25.1;24.75;0;1895.64;70.16;9;24.72;29.36;5;10.24;12.24;1;103.92;20.96;3;41.44;2308.815399;0.84181293;28.39967083;0.970006665;0.848237086;31;30;9;3;6;3;8;6;21.48;73.54;9.63;84.71;80.45;4.725;13;2.1;18.9775;28.765;72.625;4.25;35.9225;73.9;5.466666667;19.35;2.033333333;7.541666667;26.34333333;67.7;5.316666667;22.92833333;24;68;90;68;109;162;152;212;182;118;184;201;192;165;204;196;184;235;228;197;225;265;243;238;246;0.24750499;44.60999996;25.515;57.39474404;90;20;10;10;0;0;0;80;20;0;0;21;11.68;5.52;13.04;30.8;12.64;4.56;15.12;443;;;;;;;;;
418;tg+;sca1_w10;23.03.2018;04.06.2018;10.4;22.9;22.54;0;965.338;65.36;12;103.36;91.12;4;201.36;0;0;0;0;0;0;3763.202183;0.533837934;27.83189042;0.845280499;0.78470706;32;32;12;17;7;10;11;4;13.57;85.73;7.5;137.63;;;;;;;;;;;;;;;;;;;96;113;136;149;130;157;114;170;244;157;88;188;124;83;117;153;208;234;217;174;170;130;208;229;245;0.189620758;54.875;28.25999963;48.6060793;80;60;20;0;0;0;0;100;100;100;100;12;0.08;38.56;19.84;35.04;47.76;33.76;55.6;391;2.9504;2.6496;2.8736;5.1648;;;;;
420;tg+;sca1_w10;23.03.2018;04.06.2018;10.4;21.9;22.38;0;1257.05;118.96;7;16.64;92.96;11;27.36;0;0;0;12.4;2;343.68;2532.548725;0.603033006;26.14379802;0.917484389;0.839130212;39;29;7;34;12;23;1;0;12.36;80.46;7.83;83.88;73.7;4.45;15.05;2.3;23.43;6.75;66.55;3.6;26.335;72.2;5.425;20.65;2.2;10.0375;7.43;66.35;5.2;17.0075;135;120;102;121;87;92;118;117;170;146;46;183;183;136;109;135;157;87;98;70;75;61;58;73;54;0.18762475;54.46499996;29.60999988;58.1439833;70;20;20;0;0;0;10;100;100;100;100;6;0.96;6.56;0;42.72;39.76;60;27.04;350;2.5088;2.4064;2.801178947;4.973389474;;;;;
448;tg+;sca1_w06;02.05.2018;15.06.2018;6.3;20.8;20.88;0;2262.31;126;12;0;65.92;11;8.32;4.8;1;309.6;18.96;2;259.2;3708.400443;0.600178691;26.36528323;0.775519321;0.734828694;0;0;26;16;15;21;34;21;17.45;63.71;6.97;62.96;79.21666667;4.15;21.7;2.066666667;16.04333333;8.65;67.25;3.7;29.19166667;72.45;5.05;21.45;2.1;6.5725;7.435;64.65;4.725;27.275;87;179;107;72;99;122;186;219;133;129;118;92;122;144;106;161;206;98;185;174;107;213;161;188;183;0.064;57.52499992;57;65.82722724;70;10;0;0;0;0;0;100;100;90;100;15;5.04;37.76;40.96;36.32;41.44;40.24;24.16;371;2.6624;2.4064;2.5806;4.2768;;;;;
449;w;sca1_w06;02.05.2018;15.06.2018;6.3;20.8;23.34;0;1103.2;219.68;9;0.24;52;3;216.56;0;0;0;0;0;0;4556.806442;0.545656521;27.409011;0.873805821;0.773098222;36;45;14;28;18;36;37;27;20.78;70.6;6.68;98.75;80.075;3.5;19.725;2.35;18.7325;17.035;65.175;3.15;29.54;78.175;5.125;21.275;2.05;12.655;9.78;59.3;4.8;27.425;200;21;70;100;185;133;160;168;244;244;189;312;357;287;280;312;194;360;204;166;124;189;182;137;160;0.41;59.93499996;49.185;63.47028526;60;20;0;0;0;0;0;100;80;40;0;10;12.32;17.76;38.08;45.36;53.28;51.6;50.64;386;3.150769231;2.898461538;2.90952;5.2164;;;;;
450;w;sca1_w06;02.05.2018;15.06.2018;6.3;22.2;22.44;0;1819.05;113.76;9;37.52;72;12;24.16;31.28;2;2.4;0;0;0;3740.294318;0.583648078;28.5109157;0.876249722;0.715468339;35;25;15;18;26;20;28;27;15.92;113.17;7.28;138.5;77.03333333;3.916666667;15.93333333;1.933333333;18.065;23.04;71.33333333;3.716666667;23.795;78.65;4.25;11.1;1.8;26.785;41.74;68.15;4.45;27.475;100;57;222;165;174;183;136;233;213;256;255;264;241;211;235;296;238;136;142;148;189;64;95;67;200;0.208;49.23;31.545;24.91759553;90;20;0;0;10;10;0;70;10;10;10;0;360;0;0;0;0;0;0;411;3.215333333;2.544;;;;;;;
433;w;sca1_w06;18.05.2018;02.07.2018;6.4;19.7;22.97;0;2472.85;86.64;11;98;94.88;15;17.36;21.84;4;0;14.32;3;39.68;5858.118938;0.446126447;25.20106053;0.742430988;0.574341859;40;50;13;18;37;15;36;16;16.62;54.21;7.85;62.17;73.8;4.15;16.05;2.5;25.25;13.14;67.25;4.45;40.975;75.9;4.9;21.45;2.4;11.865;4.33;69.45;5.2;17.695;117;100;290;269;188;239;354;358;322;144;105;216;320;169;387;115;201;217;321;204;227;160;220;105;235;0.168;30.72499996;15.23999963;12.2588573;60;10;0;0;10;0;0;100;90;90;50;5;75.52;0;1.44;2;0;36;28.8;413;2.9824;2.4896;3.4112;5.6;;;;;
434;tg+;sca1_w06;18.05.2018;02.07.2018;6.4;18.5;21.24;0;1567.98;63.76;7;0;77.68;6;7.44;14.32;1;205.76;9.52;1;229.6;3881.713192;0.405021106;25.50537668;0.693623639;0.714399388;46;42;64;27;38;33;26;26;25.26;80.4;12.31;78.25;79.7;3.75;18.05;2.4;12.765;14.99;68.7;3.2;39.03;76.025;5.075;16.95;2.15;13.455;37.45;66.2;4.625;29.4975;64;159;244;196;200;169;121;90;117;174;150;71;184;165;251;134;110;93;103;95;40;107;79;103;82;0.224;54.285;34.98;65.91156357;90;100;80;60;60;50;40;30;20;40;20;13;8.64;24.16;42.72;52.4;60;36.48;19.76;371;2.82;2.424;2.7584;4.7744;;;;;
435;w;sca1_w06;18.05.2018;02.07.2018;6.4;22.2;24.68;0;1764.31;35.2;6;11.92;45.6;6;18.56;28.64;3;82;25.28;2;206.88;5759.699597;0.425038984;25.19613327;0.742481622;0.609467782;48;35;26;30;29;19;22;15;22.76;68.23;10.56;72.71;78.1;3.9;19.825;2.3;23.7725;15.51;71.55;4.05;33.87;70.53333333;4.833333333;21.1;2.366666667;10.42833333;4.676666667;65.75;4.75;14.535;26;79;176;129;137;188;205;221;189;208;194;185;136;140;276;194;289;236;183;329;279;219;229;151;248;0.138;42.73999992;18.13499988;32.91429982;60;10;0;0;0;0;0;80;60;10;10;14;28.08;7.28;11.12;38.4;4.08;5.92;0;409;3.141818182;2.749090909;3.3152;5.632;;;;;
443;tg+;sca1_w06;20.05.2018;02.07.2018;6.1;21.6;23.19;0;1633.21;143.84;8;14.08;28.16;3;210.56;29.68;3;115.36;23.6;2;135.04;3215.12405;0.546767385;28.86263275;0.79582315;0.759465357;27;41;35;26;28;23;35;30;6.39;106.15;5.58;129.75;75.25;4.366666667;20.9;2.166666667;9.416666667;7.196666667;69.23333333;4.3;25.045;75.5;5.3;19.975;2.15;11.975;4.87;64.925;5;20.0975;75;190;96;170;192;194;202;129;216;225;282;195;200;239;161;257;191;319;311;253;210;220;252;231;316;0;58.905;49.55999988;74.28238411;30;10;0;0;0;10;20;80;100;90;70;12;3.6;48.8;44.64;53.44;50.96;47.44;60;398;;;;;;;;;
444;w;sca1_w06;20.05.2018;02.07.2018;6.1;20.8;22.77;0;1604.61;64.4;7;22.72;69.12;9;8.32;21.84;1;312.08;7.04;1;172.4;4439.85815;0.444345701;25.79120271;0.725838703;0.655958221;28;51;43;25;53;42;46;39;25.3;80.98;14.73;78.17;77.75;3.825;18.475;2.1;20.7875;16.44;72.1;3.65;34.015;82.85;4.95;19.2;2.1;11.225;8.63;61.55;4.6;21.88;81;150;238;218;220;231;256;270;118;235;104;168;219;216;233;202;240;148;142;176;127;131;168;122;130;0.104;39.605;51.47999988;15.54625564;60;10;10;10;0;20;0;100;100;10;30;18;27.76;10.16;25.52;30.4;34.96;50.8;25.04;389;2.976666667;2.4628;;;;;;;
445;tg+;sca1_w06;20.05.2018;02.07.2018;6.1;20.6;21.18;0;718.691;84.72;4;0;66.24;2;16.16;0;0;0;0;0;0;2729.153459;0.566243598;26.66963091;0.814295257;0.798871859;39;30;15;11;16;17;9;12;27.15;87.88;13.19;106.96;75.36666667;4.066666667;19.96666667;2.233333333;12.97333333;9.02;73.58333333;3.916666667;20.84;73.4;5.45;16.225;2.15;6.4775;14.285;64.75;4.975;29.6175;132;129;121;115;121;86;142;110;116;144;165;153;111;151;176;189;174;164;185;157;122;178;166;148;192;0.078;59.845;47.385;78.43251446;80;80;0;0;0;10;0;100;100;100;80;13;42.4;2.32;33.52;38.08;7.84;11.92;9.92;397;2.794933333;2.431466667;2.661082353;4.855529412;;;;;
446;tg+;sca1_w06;20.05.2018;02.07.2018;6.1;20.53;22.54;0;1114.52;73.12;12;7.44;59.92;4;3.6;0;0;0;0;0;0;4002.091265;0.500777605;26.35627241;0.867584981;0.769517334;50;61;35;23;28;29;1;0;15.97;82.25;7.45;91.42;73.875;3.875;21.15;2.45;13.055;7.025;74.45;3.95;28.2825;69.93333333;4.616666667;17.58333333;2.3;15.07333333;12.39333333;68.2;4.433333333;18.92666667;164;102;164;105;182;148;128;192;134;177;243;234;216;207;135;201;247;204;192;163;214;248;204;192;163;0.078;52.795;51.99;63.11537558;100;50;40;40;10;0;10;90;80;80;70;14;2.4;35.2;40.32;36.72;58.08;56.08;50.88;360;;;2.628705882;5.026823529;;;;;
447;tg+;sca1_w06;20.05.2018;02.07.2018;6.1;19.57;21.72;0;1697.58;120.96;13;0;54.4;5;16.48;2.56;1;77.04;14.72;2;93.6;2475.706101;0.651737968;30.45818484;0.870098039;0.910425259;30;21;35;15;19;12;2;0;16.61;72.81;10.65;77.88;76.6;3.45;21.2;1.9;16.9475;17.71;74.825;3.125;37.795;76.05;4.85;19.775;2.15;10.1975;29.755;66.775;4.35;21.22;45;150;216;197;208;246;203;136;110;162;147;254;250;155;184;193;171;119;169;253;234;202;155;172;217;0;59.59;47.145;83.65815122;90;50;80;40;60;90;30;80;90;10;0;10;4;25.92;41.36;60;55.44;51.92;57.76;350;2.9988;2.6264;2.6496;4.672;;;;;
451;w;sca1_w06;24.05.2018;02.07.2018;5.6;20.16;22.56;0;1772.03;85.52;9;4.16;44.96;6;154.24;34;3;112.48;24.88;3;64.32;5268.230811;0.658298156;28.03787549;0.920906465;0.767641294;64;40;50;39;46;36;44;34;21.65;75.33;9.38;86.71;76.3;4.5;17.05;1.5;35.56;55.22;69;4.05;37.59;70.66666667;5.516666667;20.6;2.033333333;11.275;22.94666667;64.86666667;5.416666667;14.21333333;85;97;107;52;76;139;171;191;212;175;217;228;267;163;184;140;285;275;210;172;155;182;172;217;212;0.158;46.74;21.62999988;30.8260957;50;30;0;0;0;0;0;90;100;70;40;18;5.36;24.4;18.64;30.4;49.6;29.2;37.6;369;2.71584;2.51248;2.8928;5.1456;;;;;
552;tg+;sca1_w06;10.08.2018;17.09.2018;5.4;20.5;21.98;0;1360;121.84;6;19.04;120.32;6;0;0;0;0;0;0;0;2318.923125;0.806286224;29.98331193;0.940035667;0.822617418;13;10;5;6;8;7;7;9;14.17;73.35;8.59;90.79;72.9;4.5;21.85;2.2;4.735;6.52;69.5;4.45;14.715;79.9;5.4;21;2.3;8.335;21.42;63.25;5.3;17.8;58;184;203;140;172;67;104;168;164;136;185;207;139;156;190;267;153;183;190;166;236;162;168;126;171;0.206000003;53.14999996;23.835;56.1037117;80;60;20;30;30;30;20;70;50;60;100;17;12.32;10.72;4.64;29.04;33.12;36.96;34.16;373;;;;;;;;;
553;w;sca1_w06;10.08.2018;17.09.2018;5.4;21.1;22.47;0;1227.33;116.8;10;45.2;31.36;4;38;0;0;0;0;0;0;3241.542825;0.537880471;26.99555669;0.885803155;0.72248736;15;20;13;11;17;15;13;23;19.07;69.29;11.92;82.46;77.525;5.175;24.075;1.95;12.5475;16.3;64.7;4.9;23.86;70.55;5.825;19.8;1.8;8.3575;9.31;65.85;5.75;18.63;123;143;139;150;141;192;166;156;195;134;169;155;103;183;162;212;217;255;223;188;169;206;202;193;152;0.112;44.7;17.88;23.50611401;90;0;0;0;0;0;0;100;30;10;0;25;34.8;9.92;15.04;16;19.04;27.92;24.96;361;;;;;;;;;
452;w;sca1_w10;04.07.2018;17.09.2018;10.7;29;30.46;0;1708.13;115.6;10;0.8;73.36;7;58.56;0;0;0;0;0;0;2719.362866;0.684736725;24.19390073;0.812486114;0.671762111;9;10;3;3;7;7;15;11;14.49;69.88;5.53;113.13;77;4.1;16.05;2.3;22.48;18.96;73.55;4.05;27.395;72.15;5.4;15.475;2.25;14.35;8.405;66.975;5.4;19.52;52;18;89;78;107;93;92;112;102;89;136;120;86;84;102;94;43;68;74;71;61;57;79;72;74;0.215568866;37.98999992;16.57499988;19.54367425;70;30;10;0;10;0;0;80;20;0;0;5;11.2;4;0;0;0;3.52;20.08;386;2.3744;2.2528;3.1536;5.475858824;;;;;
453;w;sca1_w10;08.07.2018;17.09.2018;10.1;26;27.91;0;1949.69;78.4;8;19.68;76.48;10;14.72;13.84;2;124.88;11.84;2;111.04;5987.036718;0.552959502;25.79603403;0.773030708;0.662539923;35;30;18;32;36;34;24;32;16.11;80.56;7.25;117.42;73.8;5.975;17.375;2.45;8.8725;10.69;71.75;5.675;16.0675;67.675;5.325;14.7;1.95;10.5225;4.805;66.15;5.175;15.275;46;93;109;113;113;149;80;109;271;234;154;241;127;122;156;141;96;48;117;138;112;27;164;114;145;0.145708583;29.60999996;10.78499988;5.217700961;70;40;30;10;0;0;0;60;40;30;0;0;0;0;0;0;0;0;0;379;2.17664;1.89088;3.4944;5.8944;;;;;
454;tg+;sca1_w10;08.07.2018;17.09.2018;10.1;21;22.08;0;1290.22;30.88;5;19.04;125.6;9;8.08;0;0;0;12;1;44.08;3678.710788;0.71444494;29.93604199;0.946946054;0.840714327;12;4;0;1;19;19;3;0;15.63;74.1;11.18;77.33;72.725;4.175;16.5;2.05;13.4225;6.95;71.25;4.15;22.6175;72.6;6.05;12.45;1.8;9.28;6.51;64.35;5.9;12.115;120;158;108;139;131;168;160;131;120;161;147;150;188;165;167;167;194;157;167;158;131;153;185;154;170;0.179640719;54.96499996;60.11999988;77.71956106;80;70;10;0;10;0;0;90;90;80;40;12;2.96;31.04;34.32;43.6;56.16;56.24;56.96;316;2.495709091;2.455563636;2.2912;4.3968;;;;;
455;tg+;sca1_w10;10.07.2018;17.09.2018;9.9;22;23.97;0;1339.44;177.12;10;0;30.16;3;268.72;0;0;0;0;0;0;4542.87531;0.673183737;28.30897284;0.888913575;0.805778722;40;36;6;13;18;20;20;14;16.2;75.17;10.2;81.5;79.7;3.9;13.65;1.9;19.71;21.89;63.3;4.1;27.455;65.825;5.225;12.225;2.05;15.325;9.05;69.05;5.325;11.99;61;98;76;98;86;214;253;185;108;146;176;182;150;81;165;227;213;200;218;187;159;225;244;201;190;0.153692615;42.86499996;22.68;25.95272343;0;0;0;0;0;0;0;100;100;30;50;5;123.68;0;0;7.92;0;3.92;8.24;338;;;;;;;;;
456;tg+;sca1_w10;10.07.2018;17.09.2018;9.9;24;23.43;0;1769.66;154.64;10;0;96.64;8;8.32;0;0;0;1.12;1;27.28;4136.015653;0.75044603;28.73946457;0.936886708;0.838170774;6;14;8;7;15;11;10;12;31.81;118.31;24.55;117.5;;;;;;;;;;;;;;;;;;;49;49;65;66;60;112;137;162;112;99;80;151;107;152;140;73;108;77;140;164;177;149;161;147;122;0.185628746;38.98499992;21.92999988;28.55222609;50;40;40;40;50;30;0;100;70;80;70;18;16.56;12.56;16.72;33.28;10.8;25.84;6.8;374;;;;;;;;;
457;tg+;sca1_w10;10.07.2018;17.09.2018;9.9;23;23.06;0;1130.69;183.12;8;0;73.92;5;54.32;0;0;0;0;0;0;3577.128745;0.540546545;26.87387509;0.759608976;0.644935023;43;46;13;33;12;18;5;3;26.13;104.88;16.13;100.96;;;;;;;;;;;;;;;;;;;44;91;75;68;80;77;131;108;89;70;110;72;87;200;73;46;49;82;61;79;44;65;64;82;86;0.355289421;42.78;20.55;48.8355423;40;0;10;0;0;20;10;100;100;100;100;13;14.8;16.96;27.36;22.08;47.76;32.56;38.72;351;;;;;;;;;
547;w;sca1_w06;07.09.2018;22.10.2018;6.4;21.1;22.1;0;1811.64;98.16;9;3.04;156.32;10;16.56;1.6;1;195.92;2;1;190.4;4410.668645;0.631415241;29.28432182;0.919573428;0.820335872;13;9;20;28;13;10;41;18;20.86;72.81;8.32;106.38;75.55;4.025;23.7;2.35;18.1425;10.36;69.875;4.2;10.46;71.53333333;5.166666667;20.65;2.233333333;5.711666667;17.53666667;64.15;5.183333333;23.33166667;73;138;133;253;156;288;269;123;138;123;205;246;214;178;228;225;166;234;268;212;156;119;62;198;173;0.156;50.065;20.07;51.79281594;70;10;0;20;0;0;0;90;60;30;30;13;25.04;2.8;10.16;31.76;39.84;39.04;30.16;439;3.371076923;2.998769231;;;;;;;
548;w;sca1_w06;07.09.2018;22.10.2018;6.4;20;21.17;0;2698.77;79.28;11;11.92;115.68;16;0;15.2;3;58.08;18.64;2;121.2;5998.41781;0.572640036;28.58584049;0.872349922;0.711402865;27;15;54;15;37;27;21;22;17.5;74.83;9.04;88.71;76.86666667;4.1;21.65;2.133333333;8.901666667;21.33333333;72.03333333;3.8;22.22833333;73.93333333;4.85;19.55;1.833333333;8.746666667;17.52333333;68.18333333;4.866666667;12.46333333;43;272;328;300;261;269;240;114;242;44;322;325;303;247;243;296;262;251;258;204;318;94;253;322;249;0.23;46.975;16.14;38.33112596;30;0;0;0;10;0;0;90;80;50;30;7;2.32;5.12;0.24;7.6;0;1.92;9.36;409;;;3.4432;5.6832;;;;;
549;w;sca1_w06;07.09.2018;22.10.2018;6.4;20;21.19;0;1730.47;85.12;10;44.8;84.64;11;0;0;0;0;0;0;0;8449.807181;0.47700511;25.83394868;0.829371251;0.705607238;36;29;42;16;25;12;37;24;18.92;71.46;8.15;84.96;;;;;;;;;;71.75;5.4;15.975;2;6.8275;6.765;63.55;4.925;23.2375;41;114;62;118;161;161;117;149;198;220;194;148;106;101;171;179;206;182;185;259;166;106;217;156;187;0.146;41.4;10.97999988;13.13734183;50;50;30;0;0;0;0;80;80;30;20;0;360;0;0;0;0;0;0;422;;;3.487831579;5.905010526;;;;;
550;w;sca1_w06;07.09.2018;22.10.2018;6.4;20;21.86;0;1777.57;78.96;8;5.76;146.48;12;17.92;0;0;0;0;0;0;9379.729444;0.531215285;27.96389548;0.909131304;0.843528513;36;47;36;37;27;44;13;18;14.89;77.02;6.42;94.25;80.55;4.25;21.8;2.6;18.965;2.88;66.75;4.15;46.225;78.8;5.45;18.35;2.3;10.165;30;65.4;5.25;22.35;78;47;104;92;66;177;159;154;112;142;170;160;187;126;150;185;139;203;122;129;166;178;141;83;126;0.21686747;39.145;22.095;4.357594424;60;30;60;10;10;0;0;80;30;30;20;4;96.96;0;0.88;19.92;0;0;0;432;;;3.328;5.8624;;;;;
513;w;sca1_w10;11.08.2018;22.10.2018;10.3;24;25.9;0;2664.87;67.36;15;9.44;75.92;14;0;34;3;84.72;17.52;1;323.12;4428.570865;0.53854699;24.21317985;0.721395246;0.629321781;10;28;17;18;19;11;15;20;36.98;64.31;20.84;68.92;78.775;4.225;16.925;1.95;13.7225;34.41;69.7;3.925;29.155;83.4;5.25;17.2;1.4;13.95;23.33;66.5;4.85;35.61;85;110;168;84;111;138;212;107;228;210;186;222;158;159;154;181;132;139;93;84;133;54;55;88;56;0.259481038;48.29166667;49.275;23.56889044;70;30;30;10;20;10;10;90;90;40;0;16;1.52;16;21.12;25.68;47.36;44;18.96;372;;;;;;;;;
515;w;sca1_w10;11.08.2018;22.10.2018;10.3;25;24.85;0;2580.7;70.88;15;10.96;49.2;8;18.08;26.88;6;2.8;33.6;3;231.36;7025.433053;0.56431904;27.01386849;0.849366807;0.755994127;40;55;31;47;47;45;30;49;20.9;84.73;15.16;93.75;83.9;4.75;20.85;2.2;10.01;5.07;70.05;4.5;8.08;78.35;5.9;19.3;2;8.74;5.01;64.05;6;13.12;87;102;125;129;120;207;96;98;244;232;245;170;76;132;236;213;219;183;93;139;129;91;136;131;119;0.165668663;35.03833333;18.315;13.43640429;30;10;0;0;0;0;0;70;20;10;10;17;56.72;1.36;11.92;19.52;20.88;30.72;0;410;;;;;;;;;
521;w;sca1_w10;10.08.2018;22.10.2018;10.4;26;26.58;0;3371.37;77.28;16;10.8;88.88;21;2.24;22.48;5;59.84;28.88;4;50.8;7730.444728;0.462138085;25.57700004;0.812694878;0.745680362;49;51;40;58;60;62;40;51;14.15;97.67;5.9;172.54;;;;;;;;;;75.76666667;5.7;18.61666667;2.066666667;10.49333333;34.42666667;61.25;5.366666667;23.11333333;62;67;62;93;98;112;162;115;148;166;94;139;165;131;181;149;139;172;112;155;173;147;191;217;233;0.179640719;42.905;57.255;59.86720108;0;0;10;10;10;0;10;70;70;20;0;32;2.48;30.72;38.16;34.96;26;40.72;32.08;349;;;;;;;;;
122;w;sca1_w17;02.05.2017;04.09.2017;17.9;30.3;28.9;0;2631.85;62.24;11;56.48;70.64;14;0.4;34.8;7;11.68;26.16;3;106.08;6547.501984;0.586061011;27.95874745;0.876864841;0.790591581;47;42;22;21;40;21;19;44;24.51;80.79;9.61;117.42;77.275;4.25;19.675;2.9;15.395;6.61;67.425;3.675;39.5325;73.35;5.583333333;19.8;2.833333333;8.755;4.94;64.56666667;5.433333333;25.21666667;72;135;110;119;139;160;111;148;209;194;205;278;284;220;258;253;261;222;302;223;123;139;144;165;236;0.11752988;31.005;13.41;4.148436456;90;20;0;10;10;0;0;70;50;10;0;4;253.2;0;0;0;0;33.92;23.6;;;;;;;;;;
123;w;sca1_w17;02.05.2017;04.09.2017;17.9;29.2;29.4;0;1377.51;26.32;2;217.36;81.12;6;35.04;24.72;2;324.08;26.72;2;6.72;6564.517859;0.533437014;26.17508543;0.817151744;0.77151594;36;47;21;27;22;53;40;19;20.5;98.94;6.18;137.29;76.85;3.95;14;2.3;23.035;21.69;64.4;4.1;26.055;73.725;5.775;13.075;2.35;19.6525;30.46;59.2;6.1;29.6675;83;95;77;88;129;175;115;192;172;175;203;180;221;142;200;208;154;141;162;158;208;145;186;191;233;0.225099602;25.45;9.975;4.770466144;30;0;10;20;20;30;10;100;90;20;0;1;351.76;0;0;0;0;0;8.56;;;;;;;;;;
128;w;sca1_w17;30.04.2017;04.09.2017;18.1;29.9;29.5;0;2377.82;54.64;9;69.68;94.88;17;7.84;11.6;1;132.72;12.4;2;127.84;7525.254818;0.545028979;26.01000378;0.835711101;0.762553622;28;23;37;25;19;27;19;22;10.64;117.71;6.86;180.04;74.8125;4.2875;15.0125;2.6;16.9025;13.7725;62.3125;4.1375;26.7175;67.1;5.25;15.25;2.4;12.22;9.32;56.375;5.125;28.1875;182;188;194;128;78;90;213;179;129;110;208;210;236;197;227;189;201;159;191;142;177;206;233;221;214;0.039840637;54.015;41.82;51.52381281;60;30;0;0;20;10;10;80;50;10;0;16;11.84;9.52;26.16;34.64;23.76;38.32;38.24;;;;;;;;;;
129;w;sca1_w17;30.04.2017;04.09.2017;18.1;26.1;26.8;0;2058.31;66.72;12;25.52;83.12;12;61.6;0;0;0;18.96;1;321.6;6724.700632;0.472666667;25.134267;0.728222222;0.719518826;39;47;42;42;44;40;38;38;14.41;92.33;7.03;139.92;79.675;4.675;18.05;2.85;27.7;11.545;63.85;4.425;34.4675;72.1;6.15;18.75;2.8;13.765;16.41;59.05;6.1;20.32;86;154;181;142;90;192;186;120;207;186;227;203;205;213;240;168;220;217;157;183;237;257;215;235;201;0.061752988;55.995;30.405;57.39840277;30;50;30;10;0;0;0;30;30;30;30;15;17.2;20.48;36.24;40.56;43.76;42;49.92;;;;;;;;;;
133;tg+;sca1_w17;02.05.2017;04.09.2017;17.9;26.1;24.9;0;1073.58;45.6;4;20.24;166;4;30.64;0;0;0;3.68;1;13.68;1555.814307;0.780525847;28.26501155;0.830659537;0.84328487;26;20;10;18;2;7;6;4;6.68;176.94;5.39;225.25;78.35;4.1;14.11666667;2.266666667;17.99166667;14.84333333;63.16666667;4.066666667;30.61;77.175;5.225;12.15;2.275;11.83125;10.5475;63.7125;5.1125;24.465;1;89;83;65;77;76;120;112;63;71;70;53;109;79;62;96;141;86;104;108;83;110;79;106;92;0.304780876;60.005;46.92;46.32384066;50;70;100;60;60;30;20;90;100;70;90;8;10.64;11.12;9.04;14.88;9.36;15.44;60;;;;;;;;;;
134;tg+;sca1_w17;02.05.2017;04.09.2017;17.9;23.9;22.4;0;1517.66;92.72;7;197.2;16.48;1;309.12;127.52;4;23.28;29.04;2;174.56;2667.942527;0.66874028;29.41682574;0.833592535;0.857009811;32;23;8;30;12;23;5;8;20.04;88.73;10.91;141.54;78.8;4.125;19.2;2.55;21.5625;7.805;67.725;4.35;40.2575;;;;;;;;;;61;59;57;53;54;108;108;103;60;72;64;62;78;104;80;84;76;52;40;64;108;106;115;101;65;0.001992032;57.92;59.04;68.41718661;90;100;70;60;40;50;60;20;40;20;10;8;5.52;21.2;23.28;0;1.92;0.8;11.04;;;;;;;;;;
